작업 ID,대상 화면,부서,핵심 카테고리,현재 문제점,구체적 개선안,예상 기대효과,작업 상태,관련 코드 파일
SCR-01-01,홈 & 로비 (HomeView),디자인,사용성,"첫 진입 시 시즌 공지 모달, 튜토리얼 툴팁, 오토배틀 타이머 등 다중 오버레이가 중첩되어 모바일 100dvh 화면에서 시각적 피로도 및 엄지손가락 터치 동선 방해.","모바일 뷰포트 기준 하단 Thumb Zone에 플로팅 '3초 즉시 배틀(Play Now)' 원터치 액션 버튼(FAB, 48px 이상) 고정 배치 및 모달 레이어 순차 노출 처리.",신규 유저 첫 판 진입률(FTUE 전환율) 28% 상승 및 모바일 오터치율 40% 감소.,작업대기,"src/views/HomeView.tsx, src/components/HomeHeader.tsx"
SCR-01-02,홈 & 로비 (HomeView),기획,과금전환,"홈 화면에 무료 코인 지급 안내만 존재하고, 신규 유저 유입 시 초기 과금을 유도하는 매력적인 소액 첫 결제 상품 노출 부재.","홈 화면 상단에 '첫 충전 한정 1,000원 스타터 패키지 (SSR 확정 팩 + 3,000 SNS 코인 + AP 물약)' 한정 배너 및 원터치 다이렉트 결제 모달 연동.",신규 가입 유저 D+1 과금 전환율(PU Ratio) 4.2% 달성 및 초기 ARPU 증대.,작업대기,"src/views/HomeView.tsx, src/views/ShopView.tsx"
SCR-01-03,홈 & 로비 (HomeView),개발,재미/도파민,로비 중앙 대표 팩션 카드 5장이 정적이라 시각적 박진감과 초기 상호작용성 부족.,"로비 카드 터치/호버 시 RAF 기반 3D 틸트(Tilt) 반사광 효과, 팩션 고유 SFX 재생, 홀로그램 포일 이펙트를 적용하여 즉각적인 도파민 피드백 제공.",로비 내 카드 터치 상호작용 65% 증가 및 초기 3분 리텐션 22% 향상.,작업대기,"src/views/HomeView.tsx, src/lib/sound.ts"
SCR-02-01,배틀 아레나 (PlayGameView),개발,재미/도파민,"연쇄 뒤집기 성공 시 사운드가 단조로워 역전의 쾌감이 반감되고, 9번째 턴 역전 승리 시 임팩트 있는 피니시 연출 부재.","플립 연쇄 수에 따라 Web Audio 피치가 반음씩 상승하는 가속 SFX, Web Vibration 햅틱 진동, 9번째 턴 역전 승리 시 'COMEBACK FINISHER' 슬로우 줌인 및 화면 흔들림(Screen Shake) 효과 연동.",전투 조작 몰입도 35% 증대 및 유저 1일 평균 배틀 플레이 횟수 20% 상승.,작업대기,"src/views/PlayGameView.tsx, src/lib/BattleFXEngine.ts, src/lib/sound.ts"
SCR-02-02,배틀 아레나 (PlayGameView),디자인,사용성,모바일 한 손 플레이 시 손패 카드 선택 후 3x3 보드 빈칸에 착수할 때 뒤집을 수 있는 상대 카드 및 예상 뒤집기 수가 시각적으로 예고되지 않아 전략 오판 및 오터치 빈발.,핸드 카드 탭 시 3x3 타일 빈칸에 44px 펄스 하이라이트를 표시하고 착수 시 뒤집을 수 있는 카드 위에 '+N FLIP' 예상 뱃지를 실시간 오버레이하여 원터치 조작 편의성 극대화.,모바일 보드 오조작률 45% 감소 및 신규 유저의 3분 룰 습득 시간 단축.,작업대기,"src/views/PlayGameView.tsx, src/components/BattleBoard.tsx"
SCR-02-03,배틀 아레나 (PlayGameView),기획,과금전환,"1장 차이(4:5) 아쉬운 패배 시 단순 패배 화면만 표시되어 유저 좌절 이탈이 발생하고, 즉각적인 재도전 및 소액 과금 전환 동선 부재.",1장 차이 패배 판정 시 '리벤지 찬스' 팝업을 트리거하여 500원 초특가 '복수전 버프팩 (AP 완충 + 다음 판 전 속성 +1 영약)' 다이렉트 결제 및 1-클릭 즉시 재대결 버튼 제공.,패배 직후 이탈률(Drop-off) 30% 방어 및 소액 결제 전환율 5.8% 달성.,작업대기,"src/views/PlayGameView.tsx, src/components/BattleResultModal.tsx"
SCR-03-01,마이덱 & 카드 관리 (MyDeckView),디자인,사용성,"모바일 웹에서 5장 덱 슬롯과 인벤토리 간 드래그 앤 드롭 조작 시 화면 스크롤과 제스처 충돌이 발생하고, 카드 교체가 번거로움.","모바일 100dvh 특화 '원탭 장착/교체(Quick Tap Swap)' UX 적용, 상단 속성/등급별 원핸드 칩 필터 바 및 44px 이상 터치 타깃 보장, 5장 '원클릭 전투력 최강 덱 자동 편성' 기능 추가.",모바일 덱 편성 소요 시간 60% 단축 및 조작 편의성 만족도 대폭 개선.,작업대기,"src/views/MyDeckView.tsx, src/components/DeckManager.tsx"
SCR-03-02,마이덱 & 카드 관리 (MyDeckView),개발,재미/도파민,"카드 합성/레벨업 시 단순 수치만 변경되어 육성의 쾌감이 미미하고, 덱 5장 간의 속성/팩션 시너지 체감이 부족함.","카드 강화 성공 시 골드 파티클 버스트 + 레벨업 팡파르 SFX + 총전투력 롤링 카운터 연출 추가, 덱 편성 시 동일 속성 3장 이상 장착 시 발동되는 '팩션 시너지 오라(Aura Glow)' 비주얼 이펙트 연동.",카드 육성 시도 횟수 45% 증가 및 덱 편성 몰입도 향상.,작업대기,"src/views/MyDeckView.tsx, src/components/CardUpgradeModal.tsx, src/lib/sound.ts"
SCR-03-03,마이덱 & 카드 관리 (MyDeckView),기획,과금전환,카드 한계돌파 또는 합성 재료가 부족할 때 상점으로 나가는 번거로운 동선 때문에 육성 흐름이 끊기고 결제 전환 기회 손실.,재료 부족 시 강화 버튼 위치에 '부족한 재료 즉시 보충 팩(990원 한정 패키지)' 1-Tap 인앱 결제 팝업 다이렉트 트리거 연동.,덱 관리 화면에서의 즉시 결제 전환율 3.8% 발생 및 재화 소진율 가속.,작업대기,"src/views/MyDeckView.tsx, src/views/ShopView.tsx"
SCR-04-01,상점 & 가챠 (ShopView),개발,재미/도파민,"팩 개봉 연출이 밋밋하고 카드가 일괄 팝업되어 가챠 특유의 기대감과 도파민 자극이 약하며, 스킵 기능이 불편함.","팩 스와이프 개봉 인터랙션 + 등급별(SR 보라, SSR 무지개) 팩 빛 번쩍임 예고 연출 + Web Vibration 햅틱 + 카드 1장씩 스와이프 오픈(Flip to Reveal) 연출 적용 및 0ms 레이턴시 원터치 '전체 즉시 스킵(Fast Skip)' 버튼 구현.",가챠 연출 몰입도 50% 향상 및 뽑기 재시도율 25% 증가.,작업대기,"src/views/ShopView.tsx, src/components/GachaAnimation.tsx, src/lib/sound.ts"
SCR-04-02,상점 & 가챠 (ShopView),기획,과금전환,가챠 천장(Pity) 수치와 첫 충전 2배 혜택이 직관적으로 보이지 않아 유저의 뽑기 구매 결단력이 떨어짐.,"뽑기 배너 하단에 'SSR 확정 천장 카운트다운 프로그레스 바(예: 30회 내 확정 - 남은 횟수 실시간 표시)' 노출, 첫 충전 상품 '첫 결제 시 코인 2배 + 스타터 SSR 교환권' 강조 배지 및 10연차 시 '1장 SR 이상 확정' 혜택 가시화.",인앱 결제 전환율(Conversion Rate) 4.5% 상승 및 10연차 뽑기 판매 비중 35% 증대.,작업대기,"src/views/ShopView.tsx, src/components/GachaPityBar.tsx"
SCR-04-03,상점 & 가챠 (ShopView),디자인,사용성,"모바일 100dvh 화면에서 상점 카테고리 탭(카드팩, 장비, 코인)과 하단 소환 버튼이 분산되어 엄지손가락 한 손 조작 시 오터치 및 스크롤 피로도 발생.","하단 Thumb Zone에 '1회 소환(무료/할인 표기)'과 '10회 소환(보너스 표기)' 듀얼 CTA 버튼을 48px 규격으로 고정 배치하고, 상단 스와이프형 카테고리 칩 탭바로 100dvh 뷰포트에 밀착 정돈.",모바일 조작 동선 편의성 개선 및 상점 뷰 내 체류/소환 진입 시간 40% 단축.,작업대기,"src/views/ShopView.tsx, src/components/ShopCategoryTabs.tsx"
SCR-05-01,카드 마켓플레이스 (CardMarketplaceView),디자인,사용성,"모바일에서 카드 판매가 등록 시 가상 키보드가 화면을 가려 100dvh 레이아웃이 깨지고, 호가창과 매물 목록의 가독성이 낮음.","가격 입력 시 가상 키보드 의존을 줄이는 '최저가 자동 입력 / +100 / +1,000' 원터치 프리셋 퀵 버튼 바 제공 및 모바일 화면에 최적화된 2단 탭(실시간 호가 vs 전체 매물) 뷰포트 정돈.",모바일 매물 등록 소요 시간 50% 단축 및 가격 오입력 사고 70% 예방.,작업대기,"src/views/CardMarketplaceView.tsx, src/components/MarketplaceOrderPad.tsx"
SCR-05-02,카드 마켓플레이스 (CardMarketplaceView),개발,재미/도파민,매물 체결 및 시세 차익 발생 시 알림이 텍스트로만 처리되어 트레이딩 성공의 쾌감과 도파민 체감이 부족함.,실시간 매물 판매 체결 시 코인 샤워 파티클 + 카운팅 SFX + '시세 차익 +N SNS 달성' 승리 배너 연출 적용 및 최근 24시간 실시간 체결 티커(Live Ticker) 연동.,거래소 체류 시간 35% 증가 및 일일 P2P 거래 활성도 40% 상승.,작업대기,"src/views/CardMarketplaceView.tsx, src/components/LiveTradeTicker.tsx, src/lib/sound.ts"
SCR-05-03,카드 마켓플레이스 (CardMarketplaceView),기획,과금전환,급매물 발견 시 보유 코인이 부족하면 상점으로 이탈하는 사이 매물이 품절되어 결제 이탈 발생.,매수 잔액 부족 시 모달 내에서 즉시 차액만 결제 가능한 '1-Tap 즉시 코인 충전(Shortage Top-Up) 패키지' 팝업 연결 및 판매 등록 슬롯 확장권 판매 동선 구축.,마켓플레이스 내 다이렉트 결제 전환율 4.0% 유도 및 코인 경제 회전율 가속.,작업대기,"src/views/CardMarketplaceView.tsx, src/views/ShopView.tsx"
SCR-06-01,가상 주식 거래소 (StockMarketView),개발,재미/도파민,캐릭터 주가 변동 및 배당금 지급이 정적 수치로만 갱신되어 주주로서의 성취감과 배당금 수령의 도파민 쾌감이 결여됨.,보유 캐릭터 배틀 승리 시 실시간 배당금 입금 토스트 + 코인 차링 SFX + '배당금 전액 즉시 복리 재투자(Auto-Compound)' 1-클릭 버튼 구현 및 일일 수익률 +10% 초과 시 폭죽 파티클 축하 연출.,주식 거래소 일일 방문 횟수 40% 증가 및 배당금 수령 유저의 게임 잔존율(Retention) 25% 상승.,작업대기,"src/views/StockMarketView.tsx, src/components/DividendNotification.tsx, src/lib/sound.ts"
SCR-06-02,가상 주식 거래소 (StockMarketView),디자인,사용성,모바일 100dvh 화면에서 복잡한 차트와 수량 입력창이 화면을 가득 채워 빠른 매수/매도 주문 시 스크롤 및 오터치 발생.,"모바일 뷰포트 최적화 반응형 미니 캔들/라인 차트 구성, 하단 고정형 주문 패널에 '10% / 25% / 50% / MAX' 원터치 슬라이더 칩 및 44px 이상 듀얼 '즉시 매수/매도' 버튼 정돈.",모바일 주문 체결 속도 3배 단축 및 주문 이탈률 35% 감소.,작업대기,"src/views/StockMarketView.tsx, src/components/StockOrderSheet.tsx"
SCR-06-03,가상 주식 거래소 (StockMarketView),기획,과금전환,"캐릭터 주가 급등 시 추가 시드머니가 부족한 유저를 위한 즉시 과금 모델이 없고, 배당 혜택을 극대화하는 시즌 패스 상품 부재.","잔고 부족 시 급등주 즉시 매수를 돕는 '스타터 시드머니 팩(1,200원 한정)' 팝업 연동 및 30일간 전 종목 배당률 +5% 및 거래 수수료 면제 혜택을 주는 '월간 VIP 주주 클럽권' 판매 상품 배치.",거래소 사용자 결제 전환율 4.8% 신규 창출 및 인당 평균 결제액(ARPPU) 증대.,작업대기,"src/views/StockMarketView.tsx, src/views/ShopView.tsx"
SCR-07-01,승부 예측 시장 (PredictionMarketView),개발,재미/도파민,예측 경기 종료 후 적중 결과가 정적 텍스트로만 표시되어 베팅 성공 시의 성취감과 도파민 짜릿함이 미미함.,예측 적중 시 풀스크린 'JACKPOT PREDICTION' 승리 팡파르 SFX + 골드 코인 버스트 파티클 + Web Vibration 리듬 햅틱 연동 및 획득 배당금 실시간 지갑 카운팅 애니메이션 구현.,예측 시장 재참여율(Re-betting Rate) 45% 증가 및 승부 예측 참여자 잔존율 28% 상승.,작업대기,"src/views/PredictionMarketView.tsx, src/components/PredictionJackpotModal.tsx, src/lib/sound.ts"
SCR-07-02,승부 예측 시장 (PredictionMarketView),디자인,사용성,모바일 100dvh에서 양 선수 덱 비교와 배당률 정보가 복잡하게 얽혀 있어 모바일 한 손 터치 조작 시 오터치와 베팅 실수 빈발.,"대진 카드 중앙에 실시간 배당률 VS 게이지(A배당 vs B배당) 직관화, 하단 Thumb Zone에 '100 / 500 / 1,000 / 올인' 원터치 베팅 칩 및 48px '베팅 확정' 슬라이드/원터치 버튼 정돈.",모바일 베팅 완료 시간 40% 단축 및 터치 조작 만족도 대폭 개선.,작업대기,"src/views/PredictionMarketView.tsx, src/components/PredictionBetSlip.tsx"
SCR-07-03,승부 예측 시장 (PredictionMarketView),기획,과금전환,"빅매치 시작 직전 코인 잔액 부족 시 결제 이탈이 발생하고, 미적중 시 유저 좌절로 인한 이탈 방어 장치 부재.","경기 시작 5분 전 잔액 부족 유저 대상 '빅매치 승부 패키지 (1,000원 = 3,000 코인 + 미적중 시 50% 페이백 보험 쿠폰)' 1-Tap 다이렉트 결제 모달 연동.",빅매치 타임 결제 전환율(Conversion) 5.2% 달성 및 미적중 유저 이탈률 35% 방어.,작업대기,"src/views/PredictionMarketView.tsx, src/views/ShopView.tsx"
SCR-08-01,시련의 탑 & 던전/레이드 (Tower / Dungeon / Boss Raid),개발,재미/도파민,층별 클리어 및 보스 격파 시 결과 화면이 단조로워 PVE 상위 층 돌파의 성취감과 보상 수령의 도파민 쾌감이 결여됨.,보스 격파 순간 슬로우모션 줌인 + 'STAGE CLEARED' 팡파르 SFX + 보스 보물상자 터치 개봉 연출(황금 광원 + 장비/카드 쏟아짐) 및 10층 단위 마일스톤 돌파 시 전 서버 축하 티커 연동.,PVE 콘텐츠 일일 도전 횟수 40% 증가 및 중후반 스테이지 완주율 25% 상승.,작업대기,"src/views/TowerView.tsx, src/components/BossClearModal.tsx, src/lib/sound.ts"
SCR-08-02,시련의 탑 & 던전/레이드 (Tower / Dungeon / Boss Raid),디자인,사용성,100층 높이의 탑 UI 스크롤 시 모바일 100dvh 화면에서 끝없는 상하 스크롤 피로도가 발생하고 보스 기믹 정보가 사전에 직관적으로 보이지 않음.,"모바일 Thumb Zone에 '현재 최고 도전 층 즉시 이동(Quick Jump)' FAB 고정, 10층 단위 미니맵 앵커 탭 구축, 전투 전 보스 카드 탭 시 기믹 예고 뱃지(예: '화염 반사', '9턴 광폭화') 시각화.",타워 층 탐색 시간 55% 단축 및 보스 기믹 숙지율 개선으로 불필요한 전멸 방지.,작업대기,"src/views/TowerView.tsx, src/components/TowerFloorNavigator.tsx"
SCR-08-03,시련의 탑 & 던전/레이드 (Tower / Dungeon / Boss Raid),기획,과금전환,"보스전 체력 극소량 잔여 패배 시 유저의 허탈감으로 인한 게임 종료가 잦고, 층별 클리어 보상을 두 배로 받는 성장 과금 모델 부재.",보스전 10% 미만 잔여 패배 시 '라스트 스탠드 긴급 지원팩 (990원 = 보스 약점 폭탄 1회 + 즉시 부활)' 1-Tap 다이렉트 팝업 연동 및 10층마다 추가 정복 패스 판매 동선 배치.,PVE 실패 유저 이탈률 30% 방어 및 층별 정복 패스 과금 전환율 4.6% 달성.,작업대기,"src/views/TowerView.tsx, src/views/ShopView.tsx"
SCR-09-01,미션 게임 아레나 (Poki 110선 Canvas Games),디자인,사용성,"모바일 웹에서 캔버스 미니게임 조작 시 브라우저 기본 제스처(당겨서 새로고침, 뒤로가기 스와이프)가 간섭하여 조작감이 끊기고 화면이 흔들림.","미니게임 캔버스 컨테이너에 touch-action: none 및 100dvh 뷰포트 완전 잠금 적용, 한 손 엄지 전용 원터치 일시정지/재도전 컨트롤러(44px 이상) 오버레이 제공.",캔버스 게임 조작 오작동률 90% 차단 및 모바일 터치 반응성 쾌적도 대폭 개선.,작업대기,"src/views/MiniGameArenaView.tsx, src/components/CanvasGameWrapper.tsx"
SCR-09-02,미션 게임 아레나 (Poki 110선 Canvas Games),개발,재미/도파민,미니게임 플레이가 메인 배틀 TCG 코어 루프와 단절되어 단순 소모성 미니게임에 그치고 도파민 보상 피드백이 빈약함.,"미니게임 달성 스코어에 따라 메인 배틀 카드 육성 재화(경험치 물약, 가챠 티켓 조각)를 즉시 드랍하는 연계 보상 시스템 구축 및 신기록(NEW HIGH SCORE) 달성 시 골드 팡파르 SFX + 햅틱 진동 연동.",미니게임 일일 플레이 세션 수 55% 증가 및 메인 배틀 콘텐츠와의 리텐션 시너지 창출.,작업대기,"src/views/MiniGameArenaView.tsx, src/lib/MiniGameRewardEngine.ts, src/lib/sound.ts"
SCR-09-03,미션 게임 아레나 (Poki 110선 Canvas Games),기획,과금전환,최고 기록 갱신 직전 게임오버 시 아쉬운 상황을 만회할 즉각적인 이어하기 및 입장권 과금 모델 부재.,"게임오버 시 '3초 카운트다운 긴급 부활 티켓 (300원 또는 일일 1회 무료 광고)' 1-Tap 다이렉트 컨티뉴 팝업 및 하루 동안 110선 전 종목 보상 2배의 '아레나 프리미엄 자유이용권 (1,000원)' 배치.",아레나 화면 내 소액 마이크로 트랜잭션(Micro-transaction) 전환율 4.2% 신규 확보.,작업대기,"src/views/MiniGameArenaView.tsx, src/views/ShopView.tsx"
SCR-10-01,소셜 & 길드 (Guild / Friend Battle / Community),개발,재미/도파민,길드전 및 친구 친선전 승리 후 보상 수령이 텍스트 로그에 그쳐 소셜 경쟁의 쾌감과 길드원 간 공유 도파민이 약함.,친선전 승리 시 '실시간 세레머니 이모티콘 팝업' + 길드 레이드/길드전 보상 상자 공동 개봉 시 채팅방 황금 축하 배너 및 폭죽 SFX 연동.,소셜 콘텐츠 유저 참여율 45% 증가 및 길드원 1일 채팅/상호작용 수 60% 상승.,작업대기,"src/views/GuildView.tsx, src/components/GuildChat.tsx, src/lib/sound.ts"
SCR-10-02,소셜 & 길드 (Guild / Friend Battle / Community),디자인,사용성,"모바일 100dvh 화면에서 길드원 목록, 채팅창, 친구 친선전 룸 생성이 분산되어 친구를 초대해 바로 배틀하기까지 동선이 복잡함.","상단에 '1-Tap 친구 친선전 초대 링크 복사' 바 고정, 친구 목록 옆에 44px '즉시 대전 신청' 원터치 버튼 배치, 모바일 하단 플로팅 미니 길드 채팅 시트 정돈.",친구 대전 매칭 성사 소요 시간 70% 단축 및 모바일 터치 접근성 개선.,작업대기,"src/views/GuildView.tsx, src/components/FriendMatchModal.tsx"
SCR-10-03,소셜 & 길드 (Guild / Friend Battle / Community),기획,과금전환,"친구 초대 바이럴 보상이 약하고, 길드 경쟁을 촉진하는 단체 버프 기부 상품 및 용병 대여 수익화 모델 부재.","친구 초대 시 양측 모두에게 SSR 카드 팩을 주는 '친구 추천 리퍼럴 패스' 및 길드전 기간 길드원 전체 공격력 +5%를 지원하는 '길드 승리 응원 펀딩팩 (1,500원)' 상품 배치.",신규 오가닉 유저 유입률 25% 신장 및 길드 커뮤니티 과금 전환율 3.9% 확보.,작업대기,"src/views/GuildView.tsx, src/views/ShopView.tsx"
SCR-11-01,웹소설·웹툰 미디어 허브 (NovelView / AnimeView / MovieView),디자인,사용성,"모바일 웹 뷰어에서 상하단 네비게이션이 본문을 가려 100dvh 몰입감이 저해되고, 웹툰 스크롤 시 잦은 끊김 및 UI 간섭 발생.","스크롤 다운 시 상하단 UI 자동 숨김(Full Immersion), 뷰포트 중앙 탭 시 44px 이상 폰트/야간모드/목차 퀵 툴바 토글 오버레이 및 이미지 레이지 로딩 적용.",미디어 뷰어 평균 독서 체류 시간 45% 증가 및 모바일 조작 편의성 극대화.,작업대기,"src/views/NovelView.tsx, src/components/MediaViewer.tsx"
SCR-11-02,웹소설·웹툰 미디어 허브 (NovelView / AnimeView / MovieView),개발,재미/도파민,미디어 감상이 단순 텍스트/이미지 열람으로 끝나며 메인 TCG 카드 수집 루프와의 유기적 보상 연계가 결여됨.,매 에피소드 완독 시 골드 상자 팝업 + 팡파르 SFX + '스토리 연계 카드 소환권 조각 & 코인 즉시 수령' 연출 연동 및 카드 도감 내 숨겨진 로어(Lore) 해금 시스템 구축.,미디어 허브 완독률 65% 향상 및 신규 카드 도감 활성화율 35% 상승.,작업대기,"src/views/NovelView.tsx, src/lib/LoreUnlockEngine.ts, src/lib/sound.ts"
SCR-11-03,웹소설·웹툰 미디어 허브 (NovelView / AnimeView / MovieView),기획,과금전환,스토리 속 매력적인 주인공 카드가 등장해도 즉시 획득할 수 있는 경로가 단절되어 있어 IP 기반 구매 전환 기회 누락.,뷰어 에피소드 하단에 등장 캐릭터 '주인공 한정 픽업 가챠 팩 (990원)' 1-Tap 인앱 결제 배너 배치 및 전편 무제한 열람 + SSR 확정권을 주는 '미디어 올인원 패스' 판매 동선 연계.,미디어 허브 유저의 인앱 과금 전환율 3.6% 창출 및 스토리 IP 기반 ARPU 증대.,작업대기,"src/views/NovelView.tsx, src/views/ShopView.tsx"
SCR-12-01,설정 & 보상 센터 (SettingView / DailyMissions / Attendance),디자인,사용성,"일일 미션과 출석 보상을 각각 하나씩 터치해서 받아야 해 피로도가 높고, 모바일 100dvh 내 설정 옵션과 보상 탭의 동선이 분산됨.","미션 센터 상단에 48px 대형 '원클릭 일괄 수령(Claim All)' 플로팅 버튼 배치, 출석 체크/일일 미션/환경 설정을 상단 원터치 칩 탭으로 통합 정돈.",일일 보상 수령 시간 80% 단축 및 모바일 UX 편의성 만족도 50% 향상.,작업대기,"src/views/SettingView.tsx, src/components/DailyMissionCenter.tsx"
SCR-12-02,설정 & 보상 센터 (SettingView / DailyMissions / Attendance),개발,성능,모바일 웹 장시간 플레이 시 파티클과 배경 렌더링으로 인한 스마트폰 발열 및 배터리 소모가 심함.,"설정 창에 '저전력 배터리 절약 모드(30fps 프레임 캡, 파티클 이펙트 경량화, 백그라운드 렌더링 일시 중지)' 원터치 토글 스위치 및 Web Vibration 햅틱 피드백 전역 전역 On/Off 제어 모듈 구현.",배터리 소모량 35% 절감 및 장시간 플레이 세션 지속률 20% 상승.,작업대기,"src/views/SettingView.tsx, src/lib/BatterySaverEngine.ts"
SCR-12-03,설정 & 보상 센터 (SettingView / DailyMissions / Attendance),기획,과금전환,"출석 체크 보상이 무료 지급에만 머물러 있고 결석 시 리텐션이 끊어지며, 미션 완수 후 추가 결제 유도 모델 부재.","30일간 매일 출석 보상을 2배로 지급하고 결석일 3회 무료 복구권을 제공하는 'VIP 2배 출석 패스 (1,500원)' 및 일일 미션 6개 완수 시 즉시 해금되는 '일일 올클리어 시크릿 특가 팩' 배치.",보상 센터 내 정기 결제 전환율 4.4% 신규 창출 및 월간 리텐션(M1 Retention) 18% 개선.,작업대기,"src/views/SettingView.tsx, src/views/ShopView.tsx"
SCR-01-04,홈 & 로비 (HomeView),기획,재미/도파민,"로비 접속 시 방치 보상(AFK Patrol) 수확의 즉각적인 재미가 결여되어 있고, 연속 승리(Win Streak)의 시각적 위상이 로비에 반영되지 않음.","로비 중앙 하단에 '24시간 오프라인 순찰 수확 상자'를 배치하여 원터치 수확 시 코인 폭발 파티클 + 팡파르 SFX 제공, 상단 프로필 옆에 'N연승 불꽃 뱃지'를 점화하여 승리 도파민 지속 연계.",일일 최초 접속 즉시 리텐션(D1 Retention) 24% 개선 및 방치 보상 수확 만족도 향상.,작업대기,"src/views/HomeView.tsx, src/components/AfkHarvestBox.tsx, src/lib/sound.ts"
SCR-01-05,홈 & 로비 (HomeView),디자인,사용성,"로비 상단 헤더의 알림, 우편, 사운드, 드로어 아이콘이 모바일 화면에서 과밀하게 나열되어 오터치가 잦고 메인 아트 영역을 침범함.","상단 분산된 아이콘을 단일 '스마트 퀵 허브(Smart Quick Hub)' 드롭다운(48px 규격)으로 통합하고, 읽지 않은 우편/알림을 원터치 일괄 확인하는 미니멀 헤더 구축.",모바일 홈 화면 상단 조작 피로도 40% 감소 및 로비 메인 비주얼 집중도 30% 증대.,작업대기,"src/views/HomeView.tsx, src/components/HomeQuickHub.tsx"
SCR-01-06,홈 & 로비 (HomeView),개발,성능,로비 화면이 백그라운드 탭으로 전환되거나 유저가 잠시 화면을 껐을 때도 오토배틀 인터벌과 렌더 루프가 계속 동작하여 불필요한 배터리/메모리 소모 유발.,document.visibilityState 및 requestAnimationFrame 생명주기를 감지하여 비활성 탭 진입 시 즉각 백그라운드 틱 정지 및 메모리 캐시 정리(Zero Background Overhead) 엔진 적용.,대기 상태 브라우저 메모리 점유율 45% 절감 및 모바일 배터리 낭비 방지.,작업대기,"src/views/HomeView.tsx, src/lib/LifecycleEngine.ts"
SCR-02-04,배틀 아레나 (PlayGameView),개발,성능,AI 난이도 연산 및 연쇄 플립 시뮬레이션이 메인 UI 스레드에서 실행되어 AI 턴마다 100~300ms 화면 프리징(Frame Drop) 발생.,AI 의사결정 및 보드 뒤집기 트리 탐색 알고리즘을 백그라운드 Web Worker(aiBattleWorker.ts)로 이관하여 메인 스레드 블로킹 제로화 및 무지연 60fps 렌더링 실현.,AI 배틀 턴 전환 시 인풋 지연 0ms 달성 및 저사양 모바일 화면 끊김 현상 100% 제거.,작업대기,"src/views/PlayGameView.tsx, src/workers/aiBattleWorker.ts"
SCR-02-05,배틀 아레나 (PlayGameView),개발,재미/도파민,"턴 타이머 진행 시 시각적 긴장감이 부족하고, 제한 시간 임박 시의 몰입형 오디오/비주얼 도파민 연출이 결여됨.",턴 잔여 시간 5초 이하 시 1초 단위 가속 심장박동(Heartbeat) SFX + 화면 테두리 레드 비네팅(Red Vignette) 펄스 이펙트 + 단말기 햅틱 카운트다운 진동 연 연동.,턴 종료 직전의 전투 긴장도 및 집중 몰입도 40% 증가.,작업대기,"src/views/PlayGameView.tsx, src/components/TurnCountdownVignette.tsx, src/lib/sound.ts"
SCR-02-06,배틀 아레나 (PlayGameView),기획,과금전환,배틀 중 절체절명의 수세에 몰렸을 때 전세를 뒤집을 수 있는 인게임 변수 아이템 및 즉시 사용 가능한 소액 결제 모델 부재.,보드 열세 상황(3점 이하 차이) 시 턴당 1회 한정 '매직 체인지 와일드 찬스(300원 = 손패 1장을 전 방향 파워 +2 와일드 조커 카드로 즉시 교체)' 1-Tap 트리거 버튼 배치.,패배 위기 상황에서의 역전 도파민 제공 및 배틀 인게임 마이크로 결제 전환율 3.5% 창출.,작업대기,"src/views/PlayGameView.tsx, src/components/MagicChanceButton.tsx"
SCR-03-04,마이덱 & 카드 관리 (MyDeckView),기획,재미/도파민,카드가 단순 전투 수치 덩어리로만 취급되어 영웅과의 정서적 유대감 및 다마고치식 육성 돌봄(Companion Interaction) 재미가 결여됨.,"카드 상세 뷰에 '애정도(Affection) & 간식 주기' 다마고치 인터랙션 추가, 터치 시 애정도 하트 파티클 + 전용 음성 보이스 출력 및 친밀도 Max 달성 시 히든 전투 패시브(플립 방어 +5%) 해금 연동.",덱 관리 화면 내 유저 체류 시간 50% 증가 및 카드 애착도 기반 장기 리텐션 20% 상승.,작업대기,"src/views/MyDeckView.tsx, src/components/CompanionCareModal.tsx, src/lib/sound.ts"
SCR-03-05,마이덱 & 카드 관리 (MyDeckView),디자인,사용성,"PVP 대전, 보스 레이드, 시련의 탑 등 콘텐츠마다 상이한 속성 덱을 맞출 때 단일 덱 슬롯만 존재하여 매번 5장을 재편성하는 피로도 발생.",상단 덱 영역에 '덱 1(PVP 공격) / 덱 2(방어) / 덱 3(타워 보스용)' 3구 프리셋 원터치 스위처 바 구축 및 덱 복사/이름 편집 기능 제공.,다양한 콘텐츠 진입 시 덱 세팅 번거로움 75% 감소 및 전략적 덱 다변화 유도.,작업대기,"src/views/MyDeckView.tsx, src/components/DeckPresetSwitcher.tsx"
SCR-03-06,마이덱 & 카드 관리 (MyDeckView),기획,과금전환,"카드의 장비 장착 및 룬 슬롯 해금 시 고등급 장비가 부족하여 유저의 성장 정체가 발생하고, 마이덱 내 장비 과금 유도선 부재.","빈 장비 슬롯 탭 시 해당 슬롯 전용 'SSR 매직 링/아뮬렛 확정 스타터 팩 (1,200원)' 1-Tap 다이렉트 장비 인앱 결제 팝업 연결.",덱 성장 정체 구간에서의 즉각 장비 결제 전환율 4.1% 창출 및 장비 파밍 욕구 자극.,작업대기,"src/views/MyDeckView.tsx, src/views/ShopView.tsx"
SCR-04-04,상점 & 가챠 (ShopView),기획,과금전환,"110종 카드 풀에서 원하는 카드를 얻기 어려워 뽑기 피로도가 누적되고, 과금 유저의 저격 소환 만족도가 낮음.",유저가 원하는 SSR 카드 1장을 지정하여 해당 카드 획득 확률을 50%까지 상향하는 '위시리스트 픽업(Wishlist Focus)' 시스템 및 10연차 3회 진행 시 위시리스트 선택권 지급 프로모션 연동.,가챠 재구매율(Re-pull Rate) 45% 증가 및 고과금 유저(Whale) 만족도 개선.,작업대기,"src/views/ShopView.tsx, src/components/GachaWishlistModal.tsx"
SCR-04-05,상점 & 가챠 (ShopView),개발,재미/도파민,상점 진입 시 전 서버 대박 당첨 현황이 보이지 않아 뽑기 분위기 조성(Social Proof)과 즉각적인 도파민 동기부여가 약함.,상점 최상단에 실시간 SSR 획득 전광판 티커('OO님이 방금 블랙드래곤(SSR)을 소환했습니다!') 롤링 배너 구축 및 SSR 당첨자 축하 시 무료 코인 선물 상자 드랍 연계.,상점 진입 유저의 당일 소환 시도율 30% 상승 및 유저 간 축하 인터랙션 증대.,작업대기,"src/views/ShopView.tsx, src/components/GachaJackpotTicker.tsx, src/lib/sound.ts"
SCR-04-06,상점 & 가챠 (ShopView),디자인,사용성,"암호화폐(BTC, ETH, USDC) 및 일반 결제 시 결제 수단 선택 팝업이 복잡하여 모바일 100dvh에서 결제 이탈 발생.","모바일 1-Tap 바텀시트 결제 UI 적용, '가상자산(Web3) vs 간편카드결제' 듀얼 탭 전환 및 QR코드 1초 스캔 결제 인터페이스 구현.",결제 창 진입 후 결제 완료율 22% 개선 및 암호화폐 결제 실패율 60% 감소.,작업대기,"src/views/ShopView.tsx, src/components/QuickPaymentSheet.tsx"
SCR-05-04,카드 마켓플레이스 (CardMarketplaceView),개발,재미/도파민,"특정 카드의 시세 변동을 지속 추적하기 어렵고, 목표가 도달 시 즉각적인 매수 기회를 놓쳐 트레이딩 몰입도가 저하됨.","카드별 '관심 매물 등록(Watchlist)' 및 '목표 시세 알림(Price Target Ping)' 기능 구축, 목표가 도달 시 푸시 토스트 + 알림음 SFX 및 1-클릭 즉시 매수 팝업 연동.",거래소 재방문율 50% 상승 및 꿀매물 거래 체결 속도 3배 가속.,작업대기,"src/views/CardMarketplaceView.tsx, src/components/MarketplaceWatchlist.tsx, src/lib/sound.ts"
SCR-05-05,카드 마켓플레이스 (CardMarketplaceView),디자인,사용성,팩 개봉 후 누적된 다수의 잉여 중복 카드를 마켓에 판매할 때 한 장씩 등록해야 하는 번거로움과 조작 피로도 발생.,모바일 100dvh 하단에 '중복 카드 시장 최저가 일괄 등록(Bulk Quick Listing)' 원터치 액션 바 배치 및 체크박스 멀티 셀렉트 모드 구축.,잉여 카드 매물 등록 시간 80% 단축 및 P2P 마켓 유동성 45% 공급 확대.,작업대기,"src/views/CardMarketplaceView.tsx, src/components/BulkListingModal.tsx"
SCR-05-06,카드 마켓플레이스 (CardMarketplaceView),기획,과금전환,"기본 3개로 제한된 판매 슬롯 때문에 활발한 트레이딩이 제약되고, 거래 수수료(5%) 소각 외에 마켓플레이스 연계 수익화 모델 부재.","판매 등록 슬롯을 10개로 확장하고 거래 수수료를 2.5%로 인하하며 마켓 최상단 '골드 스포트라이트 매물' 노출 혜택을 제공하는 '거래소 거상 VIP 멤버십 (1,500원)' 상품 판매 배치.",하드 트레이더 유저 결제 전환율 5.5% 유도 및 코인 거래 회전율 극대화.,작업대기,"src/views/CardMarketplaceView.tsx, src/views/ShopView.tsx"
SCR-06-04,가상 주식 거래소 (StockMarketView),개발,성능,수십 개 캐릭터 종목의 실시간 시세 호가 웹소켓 갱신 시 전체 컴포넌트가 빈번히 리렌더링되어 모바일 저사양 환경에서 프레임 드랍(30fps 이하) 및 터치 인풋 지연 발생.,"웹소켓 시세 수신 데이터를 100ms 단위 requestAnimationFrame 버퍼로 묶어 일괄 배치 갱신하고, 뷰포트 기반 가상화 리스트(Virtual Windowing)를 적용하여 비가시 종목 렌더링을 차단함으로써 무지연 60fps 유지.","모바일 시세 스크롤 시 60fps 프레임 유지율 98% 달성, 브라우저 CPU/메모리 부하 45% 절감 및 터치 지연 제로화.",작업대기,"src/views/StockMarketView.tsx, src/lib/StockSocketManager.ts, src/components/VirtualizedStockList.tsx"
SCR-06-05,가상 주식 거래소 (StockMarketView),디자인,사용성,"신규 진입 유저에게 주식 호가 및 차트 인터페이스가 복잡하여 첫 매수까지의 진입 장벽(FTUE 이탈)이 높고, 모바일 100dvh 화면에서 한 손 탐색 동선이 미흡함.",신규 유저 전용 '30초 원클릭 첫 주식 매수 인터랙티브 온보딩 가이드' 및 상단 Thumb Zone에 '오늘의 추천 급등 유망주 TOP 3' 44px 퀵 매수 카드 바를 배치하여 원터치 매수 동선 구축.,신규 유저 첫 주식 매수 경험률(FTUE) 48% 향상 및 거래소 진입 후 1분 내 이탈률 35% 감소.,작업대기,"src/views/StockMarketView.tsx, src/components/StockFtueGuide.tsx, src/components/TopPicksCarousel.tsx"
SCR-06-06,가상 주식 거래소 (StockMarketView),기획,재미/도파민,주가 급등이나 상한가(+30%) 도달 시 시각적/청각적 축하 연출이 없고 주주들 간의 실시간 연대감이나 도파민을 자극하는 소셜 인터랙션 부재.,"상한가 달성 시 화면 전체 '황금 로켓 발사' 축하 애니메이션 + Web Vibration 햅틱 진동 + 팡파르 SFX를 출력하고, 보유 주주 전원 즉시 특별 보너스 배당 팝업 및 실시간 '주주 응원 이모지 연타' 기능 연동.","주식 상세 뷰 체류 시간 55% 증가 및 상한가 발생 시 유저 접속률(DAU 피크) 30% 상승, 커뮤니티 응원 도파민 극대화.",작업대기,"src/views/StockMarketView.tsx, src/components/StockRocketCelebration.tsx, src/lib/sound.ts"
SCR-07-04,승부 예측 시장 (PredictionMarketView),개발,성능,대규모 실시간 승부 예측 경기 진행 시 수천 건의 실시간 베팅 틱 및 배당률 실시간 변동 연산이 WebSocket으로 유입되며 메인 스레드 블로킹과 SVG 렌더링 병목(Frame Drop 25fps 이하) 발생.,"실시간 배당률 산출 및 베팅 집계 연산을 백그라운드 Web Worker(predictionOddsWorker.ts)로 분리하고, 캔버스 기반 마이크로 스파크라인(Sparkline) 차트로 전환하여 60fps 무지연 실시간 렌더링 파이프라인 구축.","빅매치 동시 접속 시 프레임 유지율 60fps 99% 확보, UI 렌더링 지연시간 5ms 이하 단축 및 모바일 배터리 발열 40% 억제.",작업대기,"src/views/PredictionMarketView.tsx, src/workers/predictionOddsWorker.ts, src/components/OddsSparklineCanvas.tsx"
SCR-07-05,승부 예측 시장 (PredictionMarketView),기획,FTUE/사용성,신규 유저는 코인 부족 및 손실에 대한 심리적 저항감으로 인해 승부 예측에 참여하지 못하고 관망만 하다가 이탈(신규 참여율 18% 미만)하는 문제 발생.,"신규 가입 유저 전용 '리스크 제로(Zero-Risk) 1회차 무료 예측 티켓(적중 시 실제 코인 지급, 미적중 시 위로 보상 지급)' 및 '승부의 신 3연속 적중 챌린지(누적 배당 10배 이벤트)' 온보딩 퀘스트 도입.",신규 유저 첫 승부 예측 참여율 65% 달성 및 D+7 잔존율(Retention) 26% 향상.,작업대기,"src/views/PredictionMarketView.tsx, src/components/FreePredictionTicketModal.tsx, src/lib/PredictionRewardEngine.ts"
SCR-07-06,승부 예측 시장 (PredictionMarketView),디자인,사용성,"모바일 100dvh 화면에서 경기 시뮬레이션 관전 영역과 베팅 슬립이 상하로 길게 스크롤되어, 경기 중 긴급 실시간 라이브 베팅(인플레이 베팅) 타이밍을 놓치고 오터치 발생.","100dvh 하단에 고정되는 '원핸드 피팅 라이브 인플레이 베팅 슬립(Live In-Play BottomSheet, 48px 이상 원터치 버튼)' 구축 및 베팅 직전 코인 부족 시 1-Tap 간편 소액 충전(500원 즉시 쾌속 베팅) 결제 모듈 일체화.","경기 진행 중 실시간 인플레이 베팅 참여율 45% 증가, 모바일 오터치 50% 감소 및 라이브 타임 결제 전환율 4.8% 창출.",작업대기,"src/views/PredictionMarketView.tsx, src/components/LiveBettingBottomSheet.tsx, src/views/ShopView.tsx"
SCR-08-04,시련의 탑 & 던전/레이드 (Tower / Dungeon / Boss Raid),개발,성능,레이드 보스전 및 다중 몬스터 웨이브 시 보스의 광역 스킬 파티클(Canvas 2D/WebGL)과 배경 이펙트 렌더링이 중첩되어 모바일 저사양 기기에서 FPS가 20fps대까지 급락하고 턴 입력 지연 발생.,"보스 이펙트 및 파티클 렌더링을 OffscreenCanvas 및 WebGL 인스턴싱(Instanced Mesh Rendering) 파이프라인으로 최적화하고, 저사양 모바일 자동 감지 시 파티클 수를 60% 축소하는 다이내믹 LOD(Level of Detail) 렌더러 적용.","대형 레이드 보스전 모바일 60fps 무지연 안정적 방어, 렌더링 CPU/GPU 점유율 38% 절감 및 전투 중 화면 프리징 제로화.",작업대기,"src/views/TowerView.tsx, src/lib/BossParticleRenderer.ts, src/lib/PerformanceMonitor.ts"
SCR-08-05,시련의 탑 & 던전/레이드 (Tower / Dungeon / Boss Raid),디자인,사용성,"이미 3별로 완파한 하위 층 파밍 시 매번 진입/전투/결과 확인 팝업을 거쳐야 해 모바일 100dvh 화면에서 반복 조작 피로도가 극심하고, 일일 AP(스태미나) 소진 동선이 길어짐.","3성 클리어 층에 '원터치 쾌속 연속 소탕(Quick Sweep 1회 / 5회 / 최대)' 바텀시트 UI 구축, 하단 Thumb Zone에 48px '소탕 시작' 원버튼 배치 및 소탕 결과(경험치/골드/아이템) 1페이지 요약 모달 연동.","일일 숙제 파밍 시간 80% 단축(5분 -> 1분 미만), 반복 터치 피로도 해소 및 유저의 일일 AP 소진 완수율 40% 증가.",작업대기,"src/views/TowerView.tsx, src/components/TowerSweepBottomSheet.tsx"
SCR-08-06,시련의 탑 & 던전/레이드 (Tower / Dungeon / Boss Raid),기획,과금전환,"보스방 직전 버프 카드(로그라이크 3선) 선택 시 상성이 맞지 않는 버프만 떴을 때 리롤 기회가 없어 불합리함을 느끼고, 50층/100층 대형 관문 정복 시의 성장 축하 패키지 트리거 부재.","버프 선택창에 '황금 버프 리롤(일일 1회 무료 / 이후 100 코인 소액 결제)' 1-Tap 추가 및 50층·100층 돌파 즉시 1시간 한정 '정복자의 황금 룬 패키지(1,500원 = SSR 룬 확정 상자 + 타워 입장권 5장)' 깜짝 팝업 연동.",타워 내 마이크로 결제(리롤) 참여율 30% 확보 및 마일스톤 관문 돌파 유저의 인앱 결제 전환율 5.6% 달성.,작업대기,"src/views/TowerView.tsx, src/components/TowerBuffRerollModal.tsx, src/views/ShopView.tsx"
SCR-09-04,미션 게임 아레나 (Poki 110선 Canvas Games),개발,성능,"110종 미니게임 간 전환 시 이전 게임의 Canvas 2D 컨텍스트, 오디오 인스턴스, 스프라이트 텍스처 메모리가 브라우저 GC에 즉시 반환되지 않아 메모리 누수가 누적되고 연속 플레이 시 FPS 급락 및 크래시 발생.","게임 종료/전환 시 강제 텍스처 언로드 및 오디오 버퍼 클리어 파이프라인(Canvas Lifecycle Manager) 구축, Object Pooling 기법 적용으로 프레임당 가비지 생성을 제로화하고 60fps 무지연 메모리 안정성 보장.","연속 미니게임 플레이 시 브라우저 힙 메모리 점유율 65% 절감, 메모리 누수로 인한 강제 새로고침 현상 100% 제거 및 60fps 고정 구동.",작업대기,"src/views/MiniGameArenaView.tsx, src/lib/CanvasLifecycleManager.ts, src/lib/ObjectPool.ts"
SCR-09-05,미션 게임 아레나 (Poki 110선 Canvas Games),디자인,사용성,"110개에 달하는 미니게임이 단순 그리드 스크롤 목록으로 나열되어 있어, 모바일 100dvh 뷰포트에서 원하는 장르 탐색 피로도가 높고 첫 플레이 진입까지 탐색 이탈률 발생.","상단에 가로 스와이프 장르 태그 칩 바(인기 TOP 10, 1분 킬링타임, 퍼즐 등) 구축, 100dvh 하단 Thumb Zone에 '랜덤 즉시 시작(Shuffle Play, 48px)' 원터치 플로팅 액션 버튼 및 게임별 3초 숏폼 썸네일 GIF 프리뷰 카드 적용.","미니게임 선택 소요 시간 70% 단축(30초 -> 9초), 모바일 탐색 피로도 해소 및 신규 유저의 첫 미니게임 플레이 전환율 42% 상승.",작업대기,"src/views/MiniGameArenaView.tsx, src/components/MiniGameCategoryChips.tsx, src/components/MiniGamePreviewCard.tsx"
SCR-09-06,미션 게임 아레나 (Poki 110선 Canvas Games),기획,재미/도파민,미니게임 최고 기록이 개인 기록에만 머물러 타 유저와의 실시간 경쟁 심리 및 상위 랭커 도전의 도파민 자극이 결여되어 있음.,"매주 종목이 변경되는 '주간 미니게임 챔피언십(Weekly Arena League)' 및 실시간 전광판 랭킹 티커 구축, 상위 1% 달성 시 황금 트로피 칭호 + 대량 SNS 코인 지급, '아레나 챔피언 2배 도전 티켓(500원)' 소액 결제 모델 연동.","미니게임 일일 인당 플레이 타임 35% 증가, 랭킹 경쟁 기반 주간 잔존율(W1 Retention) 22% 상승 및 챔피언십 참여 유저 소액 과금 전환율 3.8% 달성.",작업대기,"src/views/MiniGameArenaView.tsx, src/components/WeeklyArenaLeaderboard.tsx, src/views/ShopView.tsx"
SCR-10-04,소셜 & 길드 (Guild / Friend Battle / Community),개발,성능,"길드 활동 및 레이드 중 실시간 채팅, 기부/출석 로그, 전투 중계 틱이 동시 폭주할 때 React 전체 컴포넌트 리렌더링 및 모바일 가상 키보드 입력 시 심각한 인풋 렉(200ms 이상) 발생.","길드 채팅 피드에 가상화 리스트(TanStack Virtual) 적용, WebSocket 수신 메시지 100ms 배치 렌더링 파이프라인 구축 및 입력창 상태와 메시지 뷰를 독립 컴포넌트로 격리하여 60fps 무지연 타이핑 보장.","고밀도 길드 채팅 시 프레임 유지율 60fps 100% 방어, 모바일 가상 키보드 타이핑 지연 제로화 및 브라우저 메모리 부하 40% 절감.",작업대기,"src/views/GuildView.tsx, src/components/GuildChatFeed.tsx, src/lib/GuildSocketBatcher.ts"
SCR-10-05,소셜 & 길드 (Guild / Friend Battle / Community),디자인,사용성,"일일 길드 출석 체크, 길드 코인 기부, 길드 버프 수령이 각기 다른 서브 탭에 분산되어 있어 모바일 100dvh 화면에서 5회 이상의 번거로운 탭 전환 및 반복 터치 피로도 유발.",길드 로비 최상단 Thumb Zone에 '일일 길드 활동 올인원 원터치(All-in-One Claim: 출석 + 3단 기부 + 버프 활성화)' 48px 스마트 액션 바를 배치하여 1-Tap 일괄 처리 완료 UX 구축.,"일일 길드 루틴 조작 소요 시간 85% 단축(60초 -> 8초), 불필요한 서브 탭 이동 해소 및 길드원 일일 기부/출석 참여율 35% 상승.",작업대기,"src/views/GuildView.tsx, src/components/GuildDailyQuickHub.tsx"
SCR-10-06,소셜 & 길드 (Guild / Friend Battle / Community),기획,과금전환,"고스펙 카드를 보유한 유저가 길드원에게 지원하며 혜택을 얻는 수단이 없고, 라이트 유저는 상위 레이드 돌파를 위한 에이스 카드가 부족하여 성장 정체 및 이탈 발생.","길드 전용 '에이스 카드 용병 대여소(Mercenary Post)' 시스템 구축(대여 시 코인 지급), 용병 슬롯 3칸 확장권 판매 및 길드 레이드 랭킹 달성 시 길드 금고 수수료를 전원에게 배당하는 순환 경제 연계.","길드 내 고과금 유저의 자긍심 및 체류 만족도 증대, 용병 슬롯 확장 인앱 결제 전환율 4.3% 달성 및 길드 협동 잔존율 28% 상승.",작업대기,"src/views/GuildView.tsx, src/components/GuildMercenaryModal.tsx, src/views/ShopView.tsx"
SCR-11-04,웹소설·웹툰 미디어 허브 (NovelView / AnimeView / MovieView),개발,성능,수십 장의 고해상도 웹툰 이미지를 연속 스크롤할 때 DOM 노드 비대화 및 이미지 메모리 누적으로 스크롤 프레임이 25fps 이하로 끊기고 브라우저 탭 크래시 발생.,"IntersectionObserver 기반 화면 밖 이미지 자동 돔(DOM) 언마운트 및 WebP 압축 텍스처 캐싱 파이프라인(Virtual Infinite Image Scroller) 구현, GPU 디코딩을 활용하여 스크롤 60fps 무지연 렌더링 보장.","장편 웹툰 스크롤 시 60fps 완전 유지, 브라우저 탭 메모리 점유율 60% 절감(350MB -> 120MB) 및 모바일 발열/크래시 제로화.",작업대기,"src/views/NovelView.tsx, src/components/VirtualWebtoonScroller.tsx, src/lib/ImageCacheManager.ts"
SCR-11-05,웹소설·웹툰 미디어 허브 (NovelView / AnimeView / MovieView),디자인,사용성,"대중교통 이동 중 한 손으로 모바일 100dvh 화면 조작 시 엄지손가락 스와이프 피로도가 누적되고, 회차 이동 및 북마크 버튼이 상단에 위치해 한 손 터치 불가능.",뷰포트 하단 Thumb Zone에 플로팅 '원터치 무단변속 오토 스크롤(Auto-Scroll 1x~5x 조절 슬라이더)' 및 '원터치 다음 화 / 북마크 저장' 44px 반투명 원핸드 컨트롤 패널 오버레이 구축.,"한 손 독서 시 엄지 관절 피로도 70% 감소, 에피소드 완독 후 다음 화 연속 열람 전환율 45% 상승.",작업대기,"src/views/NovelView.tsx, src/components/OneHandReadingController.tsx"
SCR-11-06,웹소설·웹툰 미디어 허브 (NovelView / AnimeView / MovieView),기획,과금전환,"다음 화 열람 대기 시간 동안 유저가 이탈하고, 몰입도가 최고조에 달한 클리프행어 회차에서 즉시 소액으로 다음 편을 결제할 수 있는 마이크로 결제 동선 부재.",회차 말미에 '기다리면 무료 3초 쾌속 단축권 (300원 또는 일일 TCG 배틀 3승 퀘스트 달성권)' 1-Tap 트리거 배치 및 미공개 3화분 미리보기 '얼리액세스 패키지(500원 = 3화 사전열람 + 원작 한정 카드 조각)' 판매 연동.,"미디어 허브 내 마이크로 트랜잭션 결제 전환율 4.1% 창출, 클리프행어 구간 완독 연속성 유지 및 TCG 배틀 참여 동기 연계.",작업대기,"src/views/NovelView.tsx, src/components/FastPassModal.tsx, src/views/ShopView.tsx"
SCR-12-04,설정 & 보상 센터 (SettingView / DailyMissions / Attendance),개발,성능,"미션 진행도 갱신 시마다 매번 서버 REST API를 개별 동기 호출하여 네트워크 레이턴시가 발생하고, 일시적 네트워크 불안정 시 보상 수령 실패 및 300ms 이상 UI 프리징 유발.",IndexedDB 기반 로컬 옵티미스틱 업데이트 및 백그라운드 큐 동기화(Service Worker Sync) 파이프라인을 구축하여 보상 수령 클릭 즉시 0ms 반응 후 비동기 일괄 정산 처리.,"보상 수령 및 탭 전환 시 인풋 지연 0ms(Zero-Latency) 실현, 네트워크 장애로 인한 보상 누락 사고 0% 및 데이터 통신량 50% 절감.",작업대기,"src/views/SettingView.tsx, src/lib/OfflineSyncQueue.ts, src/lib/IndexedDBStorage.ts"
SCR-12-05,설정 & 보상 센터 (SettingView / DailyMissions / Attendance),개발,재미/도파민,일일/주간 미션 100% 달성 시 주간 마일스톤 최종 보상 수령이 단순 텍스트 수치 증가에 그쳐 완수 성취감과 도파민 자극이 결여됨.,주간 업적 최종 달성 시 3D 골드 미믹 보물상자 흔들림 + 터치 탭 시 상자 개봉 빛기둥 파티클 버스트 + 팡파르 SFX + Web Vibration 심장박동 햅틱 진동 및 대량 SSR 조각/코인 롤링 카운팅 연출 구현.,"주간 미션 올클리어 동기부여 및 완수율 38% 상승, 주간 보상 수령 만족도 극대화.",작업대기,"src/views/SettingView.tsx, src/components/WeeklyMilestoneChestModal.tsx, src/lib/sound.ts"
SCR-12-06,설정 & 보상 센터 (SettingView / DailyMissions / Attendance),기획,과금전환,미접속 기간 동안 누적된 일일 미션 및 출석 미수령 보상이 소멸되어 복귀 유저의 박탈감과 이탈이 발생하며 복귀 유저 대상 리텐션 과금 상품 부재.,"미접속 3일 이상 복귀 유저 대상 지난 7일간 미수령 출석/미션 보상을 전액 소급 지급하는 '컴백 웰컴백 패키지(1,000원 = 미수령 전액 복구 + 복귀자 전용 SSR 선택권)' 팝업 연동 및 일일 미션 완수 시 당일 한정 '50% 할인 가챠 쿠폰' 보상 연계.",휴면 유저 D+7 복귀 잔존율 32% 개선 및 복귀자 결제 전환율 6.2% 신규 창출.,작업대기,"src/views/SettingView.tsx, src/components/ComebackRewardModal.tsx, src/views/ShopView.tsx"
SCR-01-07,홈 & 로비 (HomeView),개발,성능,"홈 화면 첫 마운트 시 대표 카드 스프라이트, 배경 파티클, 폰트, 오디오 에셋의 동시 로딩으로 저사양 모바일에서 초기 LCP가 3.2초 이상 지연되고 첫 터치 시 150ms 버벅임 발생.","WebGL 셰이더 및 핵심 카드 텍스처를 우선순위 기반 청크 분할(Priority Preload) 처리하고, 캔버스 배경 파티클 렌더링을 지연 초기화(Idle Callback)하여 LCP를 1초 미만으로 단축하고 60fps 보장.","홈 화면 초기 로딩 시간 68% 단축(3.2초 -> 0.9초), 초기 이탈률(Bounce Rate) 35% 감소 및 첫 화면 터치 인풋 렉 제로화.",작업대기,"src/views/HomeView.tsx, src/lib/ResourcePreloader.ts, src/components/LobbyParticleCanvas.tsx"
SCR-01-08,홈 & 로비 (HomeView),디자인,사용성,"모바일 브라우저 가변 주소창 및 홈 인디케이터로 인해 100dvh 하단 글로벌 네비게이션 탭바가 가려지거나 오터치가 발생하고, 화면 간 전환 시 탭 클릭만 가능하여 제스처 편의성 부족.","CSS env(safe-area-inset-bottom) 완벽 대응 패딩 및 탭 높이 56px 최적화, 좌우 수평 스와이프(Horizontal Swipe Gesture)로 메인 탭(덱, 로비, 상점) 간 부드러운 전환이 가능한 제스처 인터랙션 엔진 연동.","모바일 하단 탭 오터치율 90% 제거, 화면 간 이동 편의성 만족도 45% 상승 및 네이티브 앱 수준의 조작감 제공.",작업대기,"src/views/HomeView.tsx, src/components/GlobalNavigationBar.tsx, src/lib/GestureNavigator.ts"
SCR-01-09,홈 & 로비 (HomeView),기획,과금전환,신규 가입 후 1~3일 차에 배틀 횟수가 증가해도 홈 화면에서 성장 달성감을 시각적으로 확인하고 소액 결제로 이어지는 지속적 성장 동기(Pass) 모델 부재.,"홈 화면 좌측에 '신규 영웅 7일 성장 로드맵 배틀패스(무료 패스 + 1,200원 프리미엄 패스)' 위젯 배치, 일일 배틀 승리 시마다 단계별 SSR 소환권 및 룬 재료가 언락되며 미수령 보상 알림 펄스 이펙트 제공.",신규 유저 D+7 리텐션 30% 상승 및 7일 성장 패스 결제 전환율 5.4% 신규 창출.,작업대기,"src/views/HomeView.tsx, src/components/GrowthPassWidget.tsx, src/views/ShopView.tsx"
SCR-02-07,배틀 아레나 (PlayGameView),개발,성능,3장 이상 동시 뒤집기(연쇄 플립) 발생 시 CSS 3D 트랜스폼 및 DOM 노드 회전 애니메이션의 중첩으로 모바일 저사양 기기에서 200ms 이상 마이크로 스터터 및 프레임 드랍(35fps 이하) 발생.,"보드 카드 플립 및 충격파 파티클 이펙트를 WebGL 셰이더 기반 GPU 인스턴스 렌더링(Canvas Layer Separation)으로 전면 전환하고, CSS 리플로우를 0건으로 차단하여 60fps 무지연 플립 애니메이션 구현.","대량 연쇄 플립 시 60fps 무감속 프레임 완벽 방어, 모바일 배틀 GPU/CPU 부하 42% 절감 및 전투 템포 30% 가속.",작업대기,"src/views/PlayGameView.tsx, src/lib/BattleWebGLRenderer.ts, src/components/BattleBoard.tsx"
SCR-02-08,배틀 아레나 (PlayGameView),디자인,사용성,모바일 100dvh 화면 하단에 5장의 손패 카드가 좁게 일렬 배치되어 한 손 엄지 조작 시 인접 카드 오터치(오선택률 18%)가 발생하고 상하좌우 스탯 식별이 어려움.,"모바일 엄지 반경에 맞춘 '원핸드 부채꼴 덱 팬(Fan-out) 레이아웃' 적용, 카드 탭 시 상단 32px 팝업 및 4방향 숫자 확대 강조, 보드 빈칸 터치 시 1-Tap 즉시 착수되는 스마트 제스처 인터랙션 도입.","손패 카드 오터치율 85% 감소, 턴당 착수 소요 시간 40% 단축 및 한 손 조작 만족도 대폭 개선.",작업대기,"src/views/PlayGameView.tsx, src/components/BattleHandFan.tsx, src/components/BattleCard.tsx"
SCR-02-09,배틀 아레나 (PlayGameView),기획,재미/도파민,"3연승 이상 달성 시에도 단순 연승 카운트만 증가하여 승리 도파민이 체감되고, 연승이 끊겼을 때의 허탈감으로 게임을 이탈하는 현상 발생.","3·5·10연승 달성 즉시 '황금 잭팟 럭키 룰렛(대량 코인, 한정 이모티콘, SSR 카드 뽑기권)' 1회 무료 회전 도파민 연출 제공 및 연승 종료 위기 시 연승을 보존하는 '연승 쉴드 티켓(500원)' 즉시 구제 팝업 연동.","연승 유저의 연속 배틀 지속 플레이율 45% 상승, 연승 보호권 마이크로 결제 전환율 4.8% 신규 창출.",작업대기,"src/views/PlayGameView.tsx, src/components/WinStreakJackpotModal.tsx, src/views/ShopView.tsx"
SCR-03-07,마이덱 & 카드 관리 (MyDeckView),개발,성능,수백 장의 카드 인벤토리 목록 고속 스크롤 시 수백 개의 카드 DOM 노드와 홀로그램 포일 이펙트의 동시 렌더링으로 프레임이 25fps 이하로 급락하고 메모리 누수 발생.,"인벤토리 그리드에 TanStack Virtual 기반 2D 가상 스크롤(Virtual Windowing)을 적용하여 뷰포트 내 가시 카드만 렌더링하고, 비가시 카드 텍스처를 해제하는 WebP 썸네일 캐시 풀 파이프라인 구축.","대용량 카드 인벤토리 스크롤 시 60fps 무지연 완벽 유지, 덱 화면 렌더링 메모리 점유율 62% 절감(180MB -> 68MB) 및 스크롤 프리징 제로화.",작업대기,"src/views/MyDeckView.tsx, src/components/VirtualizedCardGrid.tsx, src/lib/CardTexturePool.ts"
SCR-03-08,마이덱 & 카드 관리 (MyDeckView),디자인,사용성,"특정 속성/등급 카드 탐색을 위한 필터 조작이 번거롭고, 카드 상세 정보 확인 시 전체 화면 모달로 전환되어 덱 편성 흐름과 맥락이 단절됨.","100dvh 상단에 '원터치 핑거 스와이프 다중 속성/티어 칩 필터'를 상시 노출하고, 카드를 롱프레스 시 덱 화면을 유지한 채 하단 50% 높이로 올라오는 '하프 바텀시트 카드 스펙 프리뷰' 구축.","카드 검색 및 스펙 확인 소요 시간 50% 단축, 덱 편집 화면 몰입도 유지 및 한 손 조작 만족도 40% 향상.",작업대기,"src/views/MyDeckView.tsx, src/components/CardDetailBottomSheet.tsx, src/components/QuickFilterChips.tsx"
SCR-03-09,마이덱 & 카드 관리 (MyDeckView),기획,과금전환,5장 덱 종합 전투력 특정 구간 도달 시 시각적 명예 보상과 다음 단계 도약을 자극하는 성장 과금 모델이 부재하여 중반 육성 정체 발생.,"덱 전투력 돌파 시 '전 서버 덱 파워 상위 N% 골드 훈장' 및 전용 프로필 테두리 지급, 목표 전투력(5천/1만/2만) 도달 즉시 2시간 한정 '덱 각성 스페셜 점핑팩 (1,500원 = 5성 각성석 5개 + 룬 3개)' 타임딜 팝업 연동.","덱 육성 정체 구간 유저의 타임딜 결제 전환율 5.2% 달성, 덱 파워 랭킹 경쟁 유도로 일일 카드 강화 횟수 35% 증가.",작업대기,"src/views/MyDeckView.tsx, src/components/DeckPowerMilestoneModal.tsx, src/views/ShopView.tsx"
SCR-04-07,상점 & 가챠 (ShopView),개발,성능,10연속 카드 소환 시 10장의 고해상도 일러스트 및 홀로그램 포일 이펙트 동시 렌더링으로 저사양 모바일에서 GPU 메모리 스파이크 및 20fps 이하 프레임 드랍/화면 멈칫 발생.,"가챠 연출 전용 경량 WebGL Canvas 렌더러를 구축하여 텍스처 아틀라스 단일 드로우 콜로 일괄 렌더링하고, 연출 종료 즉시 텍스처 메모리를 수동 해제(Dispose)하는 60fps 무지연 파이프라인 구현.","10연차 개봉 애니메이션 60fps 완벽 고정, 모바일 메모리 점유율 55% 절감 및 연속 소환 시 브라우저 크래시 방지.",작업대기,"src/views/ShopView.tsx, src/components/GachaWebGLCanvas.tsx, src/lib/GachaTextureManager.ts"
SCR-04-08,상점 & 가챠 (ShopView),디자인,사용성,가챠 후 누적된 마일리지(소환 포인트)를 교환하려면 별도 상점 탭으로 이동해야 해 모바일 100dvh에서 불필요한 화면 전환 및 마일리지 인지 누락 발생.,"소환 메인 뷰 하단 Thumb Zone 바로 위에 '소환 마일리지 실시간 교환 바(44px)'를 상시 오버레이하고, 탭 시 현재 포인트로 즉시 교환 가능한 SSR 카드 목록이 펼쳐지는 하프 바텀시트 원터치 교환 UX 구축.","마일리지 확인 및 교환 동선 70% 단축(3단계 -> 1탭), 유저 마일리지 소진율 40% 증가 및 상점 내 조작 편의성 개선.",작업대기,"src/views/ShopView.tsx, src/components/MileageQuickSheet.tsx"
SCR-04-09,상점 & 가챠 (ShopView),기획,과금전환,"고정 상품 위주의 진열로 매일 상점 방문 동기가 결여되어 있고, 무과금 유저의 첫 소액 결제를 촉진하는 즉시성 한정 타임딜 부재.","매일 갱신되는 '오늘의 무료 1회 소환'으로 상점 일일 방문을 유도하고, 무료 소환 직후 15분 한정 70% 특가 '시크릿 게릴라 팩 (500원 = SSR 3배 팩 + 1,000 코인)' 깜짝 플래시 세일 팝업 연동.","상점 일일 순방문자수(UV) 50% 증가, 무과금 유저의 첫 결제 전환율(Conversion) 6.5% 신규 달성.",작업대기,"src/views/ShopView.tsx, src/components/DailyFreeGachaModal.tsx, src/components/FlashSalePopup.tsx"
SCR-05-07,카드 마켓플레이스 (CardMarketplaceView),개발,성능,마켓 활성화 시간대 초당 수십 건의 매물/호가 웹소켓 틱 유입 시 React 주문서 컴포넌트 전체 리렌더링으로 30fps 이하 스크롤 저하 및 120ms 탭 전환 프리징 발생.,"웹소켓 체결/호가 스트림에 150ms 윈도우 RAF 배치 버퍼링을 적용하고, 실시간 호가 깊이와 체결 티커를 경량 2D Canvas 오버레이로 전환하여 DOM 조작을 배제한 60fps 무지연 파이프라인 구축.","초고속 호가 변동 시 60fps 프레임 유지율 99% 확보, 브라우저 스레드 블로킹 제로화 및 모바일 기기 발열 35% 감소.",작업대기,"src/views/CardMarketplaceView.tsx, src/components/OrderBookCanvas.tsx, src/lib/MarketSocketBatcher.ts"
SCR-05-08,카드 마켓플레이스 (CardMarketplaceView),디자인,사용성,"모바일 100dvh 화면에서 최근 시세 차트의 특정 시점 가격 확인 시 툴팁 정밀 터치가 어렵고 손가락 가림이 발생하며, 매수 완료까지 복잡한 팝업 단계 소요.",엄지손가락 스와이프로 7일/30일 시세를 부드럽게 탐색하는 '원핸드 마그네틱 터치 슬라이더' 및 매물 탭 시 즉시 100dvh 하단에 뜨는 '48px 원터치 쾌속 매수(Quick Buy) 확정 슬라이드 버튼' 구축.,"시세 확인 및 매수 체결 소요 시간 60% 단축, 모바일 차트 오터치 80% 차단 및 한 손 구매 만족도 대폭 향상.",작업대기,"src/views/CardMarketplaceView.tsx, src/components/MarketPriceScrubber.tsx, src/components/QuickBuyBottomSheet.tsx"
SCR-05-09,카드 마켓플레이스 (CardMarketplaceView),기획,과금전환,"일반 고정가 판매만 존재하여 초희귀 카드의 가치를 극대화하기 어렵고, 실시간 입찰 경쟁을 통한 유저 간 도파민 폭발 기전 부재.","한정판/초희귀 카드를 24시간 실시간 호가 경쟁으로 낙찰받는 '라이브 옥션(경매장)' 모드 신설, 종료 1분 전 갱신 시 자동 연장(심장박동 SFX) 연동 및 입찰 코인 부족 시 '즉시 입찰 긴급 코인 팩(1,000원)' 결제 트리거 연계.","희귀 카드 거래 단가 80% 상승, 경매 종료 직전 트래픽 집중 및 입찰 긴급 결제 전환율 5.8% 달성.",작업대기,"src/views/CardMarketplaceView.tsx, src/components/LiveAuctionModal.tsx, src/views/ShopView.tsx"
SCR-06-07,가상 주식 거래소 (StockMarketView),개발,성능,모바일에서 분봉/일봉 캔들 차트를 핀치줌/패닝 조작 시 SVG 기반 차트의 DOM 재계산 병목으로 20~30fps 끊김과 제스처 버벅임 발생.,"차트 렌더링 엔진을 OffscreenCanvas 및 WebGL 기반 고성능 경량 차트 파이프라인으로 전면 교체하고, 터치 제스처 시 메인 스레드 연산을 분리하여 핀치줌/패닝 시 60fps 무감속 반응성 보장.","모바일 차트 핀치줌/패닝 시 60fps 완전 유지, 차트 조작 인풋 렉 0ms 달성 및 브라우저 메모리 부하 45% 절감.",작업대기,"src/views/StockMarketView.tsx, src/components/StockCandleCanvas.tsx, src/lib/ChartGestureEngine.ts"
SCR-06-08,가상 주식 거래소 (StockMarketView),디자인,사용성,"유저가 보유한 복수 캐릭터 주식의 자산 비중과 평가손익을 한눈에 보기 어렵고, 목표 매도가/손절가 설정을 위해 복잡한 메뉴를 찾아 들어가야 해 모바일 100dvh에서 조작 피로도 누적.","100dvh 상단에 '원터치 인터랙티브 자산 배분 도넛 차트(탭 시 종목별 손익 토글)'를 배치하고, 하단 Thumb Zone에 '1-Tap 스마트 익절/손절(TP/SL) 자동 주문 바텀시트'를 48px 단일 버튼으로 구축.","포트폴리오 자산 확인 및 지정가 설정 시간 65% 단축, 모바일 매매 설정 오터치 80% 감소.",작업대기,"src/views/StockMarketView.tsx, src/components/PortfolioDonutCard.tsx, src/components/StockTpSlSheet.tsx"
SCR-06-09,가상 주식 거래소 (StockMarketView),기획,과금전환,캐릭터 주식을 대량 보유해도 일반 배당금 수령 외에 게임 운영이나 메타에 개입할 수 있는 특별한 권한이 없어 주주로서의 몰입도와 대형 과금 유인책 부재.,"주간 배당금을 2배로 증폭 수령하는 7일 기간제 '골드 배당 레버리지 부스터(990원)' 소액 상품 연동 및 특정 캐릭터의 다음 시즌 밸런스/스킨 방향성에 투표하는 '주주총회 의결권(Vote Pass) 패키지 (2,000원)' 판매 동선 구축.","거래소 유저 주간 소액 결제 전환율 4.9% 달성, 주총 투표 참여 기반 유저 리텐션 28% 상승 및 고과금 주주의 자긍심 극대화.",작업대기,"src/views/StockMarketView.tsx, src/components/ShareholderVotingModal.tsx, src/views/ShopView.tsx"
SCR-07-07,승부 예측 시장 (PredictionMarketView),개발,성능,주요 경기 마감 직전 배당률 급변 및 실시간 응원 채팅/베팅 로그 동시 유입 시 메인 스레드 락으로 터치 레이턴시(>200ms) 및 20fps 이하 프레임 드랍 발생.,"웹소켓 데이터 파싱 및 배당률 계산을 Web Worker로 격리 오프로딩하고, 실시간 베팅 피드에 경량 가상 윈도우잉과 16.6ms RAF 스케줄러를 적용하여 무지연 터치 응답성 보장.","경기 마감 직전 트래픽 폭증 시에도 60fps 완벽 방어, 모바일 베팅 입력 레이턴시 92% 단축(200ms -> 16ms) 및 오입력/주문 누락 제로화.",작업대기,"src/views/PredictionMarketView.tsx, src/workers/PredictionStreamWorker.ts, src/components/LiveBettingTicker.tsx"
SCR-07-08,승부 예측 시장 (PredictionMarketView),디자인,사용성,"모바일 100dvh 화면에서 양팀 전력 비교 통계 확인을 위해 여러 탭을 오가야 하고, 금액 입력 시 가상 키보드가 올라와 경기 상황판을 가리는 UX 단절 발생.","100dvh 하단 Thumb Zone에 키보드 팝업 없이 엄지 스와이프로 금액을 조절하는 '원핸드 마그네틱 햅틱 베팅 다이얼'을 구축하고, 상단에 양팀 전력 비교 AI 미니 레이더 차트 배치.","경기 분석부터 베팅 완료까지 소요 시간 55% 단축, 키보드 팝업으로 인한 뷰포트 가림 100% 제거 및 모바일 한 손 조작 만족도 45% 향상.",작업대기,"src/views/PredictionMarketView.tsx, src/components/QuickBettingDial.tsx, src/components/MatchAiRadarChart.tsx"
SCR-07-09,승부 예측 시장 (PredictionMarketView),기획,과금전환,"단발성 베팅 위주로 진행되어 연속 참여 동기가 결여되고, 저배당 안전 경기에서 유저 베팅 재미와 소액 과금 유인책 부재.","베팅 직전 특정 팀의 최종 환급 배당률을 +1.5배~3배로 즉시 부스팅해주는 소모형 '골든 오즈 부스터 티켓(700원)' 즉시 구매 연동 및 3·5·7회 연속 적중 시 누적 상금이 급증하는 '스트릭 챌린지 패스(1,500원)' 신설.","예측 시장 유저의 세션당 평균 베팅 횟수 2.3배 증가, 저배당 경기에서의 소액 결제 전환율 6.2% 신규 창출 및 연속 적중 스트릭 도파민 극대화.",작업대기,"src/views/PredictionMarketView.tsx, src/components/OddsBoosterModal.tsx, src/views/ShopView.tsx"
SCR-08-07,소환 & 융합 연구소 (FusionLabView),개발,성능,대량의 저등급 재료 카드 일괄 융합(10연속/50연속) 시 연속 파티클 물리 시뮬레이션 및 DOM 생성으로 메인 스레드 300ms 블로킹 및 15fps 이하 멈춤 발생.,"일괄 융합 연산 및 확률 시뮬레이션을 Web Worker로 분리하고, 연속 융합 연출을 단일 OffscreenCanvas 인스턴스 렌더링 파이프라인으로 전환하여 60fps 무감속 배치 프로세싱 구현.","50연속 일괄 융합 시 60fps 프레임 드랍 제로화, 메인 스레드 연산 부하 70% 절감 및 연속 융합 소요 시간 80% 단축.",작업대기,"src/views/FusionLabView.tsx, src/workers/BatchFusionWorker.ts, src/components/BatchFusionCanvas.tsx"
SCR-08-08,소환 & 융합 연구소 (FusionLabView),디자인,사용성,"모바일 100dvh 화면에서 융합 재료용 중복/저등급 카드를 일일이 찾아 터치해야 하며, 주력 카드를 실수로 재료로 투입하는 사고 위험 및 복잡한 스크롤 피로도 발생.","하단 Thumb Zone에 '1-Tap 스마트 중복 재료 자동 선별 필터(N등급 이하 자동 선택)' 및 '잠금 보호 안전 장치'를 탑재하고, 한 손 스와이프로 슬롯을 채우는 마그네틱 스와이프 도크 구축.","융합 재료 준비 소요 시간 75% 단축(1분 -> 15초), 고가치 카드 오융합 사고 제로화 및 한 손 편의성 대폭 향상.",작업대기,"src/views/FusionLabView.tsx, src/components/SmartMaterialPicker.tsx, src/components/CardLockIndicator.tsx"
SCR-08-09,소환 & 융합 연구소 (FusionLabView),기획,과금전환,"일반 융합 실패 시 투입 재료만 소멸되어 허탈감으로 인한 이탈이 발생하며, 상위 등급 카드를 확정 획득할 수 있는 안전장치 및 마이크로 과금 트리거 부재.","융합 시도마다 게이지가 차오르는 '연금술 마일리지 천장(100% 충전 시 차상위 등급 100% 확정)' 시스템을 도입하고, 실패 시 '돌연변이 긴급 복구 젬 (600원 = 카드 1장 보존 + 성공률 +30%)' 타임딜 연동.","융합 실패 후 이탈률 40% 감소, 소액 긴급 복구 젬 결제 전환율 5.6% 달성 및 융합 지속 도전율 35% 상승.",작업대기,"src/views/FusionLabView.tsx, src/components/FusionPityGauge.tsx, src/views/ShopView.tsx"
SCR-09-07,길드 & 소셜 하우스 (GuildHouseView),개발,성능,"동시 접속 길드원(최대 50명) 로비 집결 시 아바타, 칭호, 말풍선 DOM 노드 중첩으로 25fps 이하 프레임 드랍 및 100ms 이상 터치 지연 발생.",로비 아바타 렌더링을 WebGL 하드웨어 인스턴싱 및 쿼드트리 공간 분할 엔진으로 전환하여 단일 드로우 콜로 50개체 일괄 렌더링하는 60fps 파이프라인 구축.,"50인 동시 접속 로비에서 60fps 완벽 방어, 브라우저 DOM 노드 수 85% 절감 및 모바일 배터리/발열 30% 개선.",작업대기,"src/views/GuildHouseView.tsx, src/components/GuildLobbyCanvas.tsx, src/lib/QuadtreeSpatialEngine.ts"
SCR-09-08,길드 & 소셜 하우스 (GuildHouseView),디자인,사용성,길드 레이드 중 파티원 간 전술 신호 전달 시 채팅창 타이핑으로 조작 흐름이 끊기고 모바일 100dvh 하단이 키보드로 가려지는 UX 단절 발생.,"하단 Thumb Zone에 한 손 엄지 슬라이드로 핵심 전술 신호(돌격, 힐 등)를 전파하는 '원터치 햅틱 래디얼 핑 휠' 및 플로팅 파티 현황 미니 허브(44px) 구축.","레이드 중 협동 신호 전달 시간 80% 단축(3초 -> 0.6초), 키보드 팝업 제로화 및 모바일 원핸드 협동 플레이 만족도 45% 향상.",작업대기,"src/views/GuildHouseView.tsx, src/components/GuildRadialPingWheel.tsx, src/components/RaidPartyStatusHub.tsx"
SCR-09-09,길드 & 소셜 하우스 (GuildHouseView),기획,과금전환,길드원 개인의 과금이 길드 전체의 혜택이나 유대감으로 확장되지 않아 커뮤니티 차원의 과금 시너지 및 상호 감사 문화 부재.,"개인의 패키지 구매 시 길드원 전원에게 보상 상자가 발송되는 '길드 행운의 선물 상자' 시스템을 연동하고, 10인 연속 개봉 시 전원 보너스 피버 타임 기전 구축.","과금 유저의 사회적 인정 욕구 충족, 무과금 길드원의 과금 유입(선물 답례) 유도로 길드 패키지 결제 전환율 6.8% 달성.",작업대기,"src/views/GuildHouseView.tsx, src/components/GuildLuckyGiftModal.tsx, src/views/ShopView.tsx"
SCR-10-07,랭킹 & 명예의 전당 (LeaderboardView),개발,성능,시즌 마감 직전 실시간 점수 갱신으로 수십 명의 순위 동시 역전 시 리스트 항목 재배치로 60ms 이상 Layout Thrashing 및 20fps 스터터링 발생.,"리스트 항목 이동에 FLIP 애니메이션 및 GPU 가속(translate3d)을 적용하고, 500ms 윈도우 순위 변동 배치 큐를 구축하여 레이아웃 리플로우 없는 60fps 무감속 연출 구현.","실시간 순위 변동 트래픽 집중 시 60fps 완전 유지, 브라우저 레이아웃 계산 시간 85% 절감 및 모바일 배터리 소모 최소화.",작업대기,"src/views/LeaderboardView.tsx, src/components/FlipLeaderboardList.tsx, src/lib/RankingBatchQueue.ts"
SCR-10-08,랭킹 & 명예의 전당 (LeaderboardView),디자인,사용성,"상위 랭커들의 사용 덱과 스펙을 보려면 별도 프로필로 이동해야 해 모바일 100dvh에서 화면 전환 피로도가 높고, 해당 덱을 내 덱으로 즉시 복사하는 편의 기능 부재.",랭킹 항목 스와이프 시 즉시 나타나는 '덱 미러링 프리뷰 하프 바텀시트' 및 보유 카드를 자동 매칭해 빈자리를 대체 카드로 추천해주는 '1-Tap 덱 카피' 원터치 버튼(48px) 구축.,"상위 랭커 덱 분석 및 메타 복사 소요 시간 70% 단축(3단계 화면 이동 -> 1탭), 유저 간 덱 연구 및 메타 순환 활성화.",작업대기,"src/views/LeaderboardView.tsx, src/components/DeckMirroringSheet.tsx, src/components/DeckAutoCopyButton.tsx"
SCR-10-09,랭킹 & 명예의 전당 (LeaderboardView),기획,과금전환,"최근 나를 이기고 순위를 역전한 라이벌 유저에 대한 재도전 동기부여가 약하고, 상위 티어 진입 문턱에서 패배 시 좌절감으로 인한 랭킹전 이탈 발생.",내 순위 침탈 유저에게 즉시 복수전을 신청하는 '라이벌 복수 챌린지(승리 시 랭킹 포인트 2배)' 및 승급전 위기 시 1회 무효화 '랭크 세이프 쉴드 티켓(800원)' 즉시 구제 팝업 연동.,"랭킹전 패배 후 재도전율 50% 상승, 승급전 위기 유저의 쉴드 티켓 소액 결제 전환율 5.4% 신규 창출.",작업대기,"src/views/LeaderboardView.tsx, src/components/RivalRevengeModal.tsx, src/views/ShopView.tsx"
SCR-11-07,퀘스트 & 업적 센터 (QuestAchievementView),개발,성능,"보상 일괄 수령' 시 10~20개 항목의 상태 갱신, 플라잉 애니메이션, 재화 카운터 급증 동시 발생으로 메인 스레드 100ms 락 및 15fps 프레임 드랍 발생.","보상 플라잉 연출을 WebGL/Canvas 하드웨어 가속 파티클 풀로 전환하고, 상태 업데이트를 RAF 단일 배치 사이클로 통합하여 60fps 무감속 연출 파이프라인 구축.","대량 보상 일괄 수령 시 60fps 완벽 방어, 연출 중 인풋 블로킹 제로화 및 UI 스레드 연산 시간 75% 절감.",작업대기,"src/views/QuestAchievementView.tsx, src/components/RewardFlyingCanvas.tsx, src/lib/RewardBatchController.ts"
SCR-11-08,퀘스트 & 업적 센터 (QuestAchievementView),디자인,사용성,"퀘스트 수행을 위해 각 게임 모드로 이동 후 진행도 확인을 위해 반복 복귀해야 해 동선이 길고, 100dvh 화면에서 조작 동선 분산 발생.",타 화면 플레이 중 모서리 스와이프로 펼쳐지는 '미니 퀘스트 플로팅 트래커 HUD(44px)' 구축 및 퀘스트 센터 내 탭(일일/주간/업적) 좌우 스와이프 제스처 전환 UX 구현.,"퀘스트 확인을 위한 화면 이동 80% 감소, 모바일 한 손 스와이프 접근성 및 일일 미션 달성률 35% 향상.",작업대기,"src/views/QuestAchievementView.tsx, src/components/FloatingQuestHUD.tsx, src/components/QuestTabSwipeView.tsx"
SCR-11-09,퀘스트 & 업적 센터 (QuestAchievementView),기획,과금전환,"퀘스트 마감 직전 미완료 항목이 남았을 때 유저가 포기하고 이탈하며, 마감 직전 긴장감과 보상 욕구를 자극하는 타임 세일 장치 부재.",마감 2시간 전 미달성 퀘스트 경험치를 3배 증폭하는 '막판 스퍼트 골든 부스터(500원)' 팝업 및 올클리어 실패 시 '미완성 구제 럭키 박스(800원)' 즉시 구매 연동.,"마감 직전 세션 복귀율 40% 상승, 마감 임박 유저의 마이크로 결제 전환율 6.1% 신규 창출 및 일일 잔존율 극대화.",작업대기,"src/views/QuestAchievementView.tsx, src/components/LastSpurtBoosterModal.tsx, src/views/ShopView.tsx"
SCR-11-07,퀘스트 & 업적 센터 (QuestAchievementView),개발,성능,"보상 일괄 수령' 시 10~20개 항목의 상태 갱신, 플라잉 애니메이션, 재화 카운터 급증 동시 발생으로 메인 스레드 100ms 락 및 15fps 프레임 드랍 발생.","보상 플라잉 연출을 WebGL/Canvas 하드웨어 가속 파티클 풀로 전환하고, 상태 업데이트를 RAF 단일 배치 사이클로 통합하여 60fps 무감속 연출 파이프라인 구축.","대량 보상 일괄 수령 시 60fps 완벽 방어, 연출 중 인풋 블로킹 제로화 및 UI 스레드 연산 시간 75% 절감.",작업대기,"src/views/QuestAchievementView.tsx, src/components/RewardFlyingCanvas.tsx, src/lib/RewardBatchController.ts"
SCR-11-08,퀘스트 & 업적 센터 (QuestAchievementView),디자인,사용성,"퀘스트 수행을 위해 각 게임 모드로 이동 후 진행도 확인을 위해 반복 복귀해야 해 동선이 길고, 100dvh 화면에서 조작 동선 분산 발생.",타 화면 플레이 중 모서리 스와이프로 펼쳐지는 '미니 퀘스트 플로팅 트래커 HUD(44px)' 구축 및 퀘스트 센터 내 탭(일일/주간/업적) 좌우 스와이프 제스처 전환 UX 구현.,"퀘스트 확인을 위한 화면 이동 80% 감소, 모바일 한 손 스와이프 접근성 및 일일 미션 달성률 35% 향상.",작업대기,"src/views/QuestAchievementView.tsx, src/components/FloatingQuestHUD.tsx, src/components/QuestTabSwipeView.tsx"
SCR-11-09,퀘스트 & 업적 센터 (QuestAchievementView),기획,과금전환,"퀘스트 마감 직전 미완료 항목이 남았을 때 유저가 포기하고 이탈하며, 마감 직전 긴장감과 보상 욕구를 자극하는 타임 세일 장치 부재.",마감 2시간 전 미달성 퀘스트 경험치를 3배 증폭하는 '막판 스퍼트 골든 부스터(500원)' 팝업 및 올클리어 실패 시 '미완성 구제 럭키 박스(800원)' 즉시 구매 연동.,"마감 직전 세션 복귀율 40% 상승, 마감 임박 유저의 마이크로 결제 전환율 6.1% 신규 창출 및 일일 잔존율 극대화.",작업대기,"src/views/QuestAchievementView.tsx, src/components/LastSpurtBoosterModal.tsx, src/views/ShopView.tsx"
SCR-12-07,환경설정 & 계정/보상 센터 (SettingRewardView),개발,성능,"수동 그래픽 조절 한계로 저사양 기기에서 고사양 옵션 방치 시 지속적인 서멀 스로틀링, 기기 발열 및 20fps 프레임 저하 발생.","설정 진입 시 1초 백그라운드 벤치마크로 최적 프리셋을 자동 적용하고, 발열 감지 시 실시간으로 이펙트를 1단계 낮추는 '스마트 에코 60fps 세이프가드' 구축.","저사양 모바일 기기 발열 35% 감소, 배터리 지속 시간 28% 증가 및 전 기기 평균 60fps 안정 유지율 98% 달성.",작업대기,"src/views/SettingRewardView.tsx, src/lib/DeviceBenchmarkEngine.ts, src/lib/AdaptivePerformanceManager.ts"
SCR-12-08,환경설정 & 계정/보상 센터 (SettingRewardView),디자인,사용성,"배포된 복잡한 쿠폰 코드를 모바일 100dvh에서 일일이 붙여넣기 번거롭고, 사운드 볼륨 슬라이더가 얇아 엄지 오터치 빈번 발생.",화면 진입 시 클립보드의 유효 쿠폰 코드를 자동 감지해 띄우는 '1-Tap 즉시 등록 팝업' 구축 및 엄지 손가락에 맞춘 48px 햅틱 사운드 슬라이더 제공.,"쿠폰 등록 이탈률 60% 감소, 모바일 음향 설정 조작 편의성 50% 향상 및 오터치 제로화.",작업대기,"src/views/SettingRewardView.tsx, src/components/SmartCouponAutoInput.tsx, src/components/HapticVolumeSlider.tsx"
SCR-12-09,환경설정 & 계정/보상 센터 (SettingRewardView),기획,과금전환,코어 유저가 개발사를 직접 후원하거나 명예를 얻을 수 있는 멤버십 통로 부재 및 장기 미접속 복귀 계정에 대한 정착 유도 상품 결여.,"영구 명예 골드 배지 및 크레딧 등재가 포함된 '파운더스 서포터즈 팩(4,900원)' 연동 및 14일 이상 미접속 복귀 계정 전용 80% 할인 '슈퍼 컴백 번들(1,200원)' 딜 제공.","코어 팬덤의 자발적 후원 결제 창출, 복귀 유저 첫날 재이탈률 45% 방어 및 컴백 번들 결제 전환율 7.2% 달성.",작업대기,"src/views/SettingRewardView.tsx, src/components/SupporterBadgeModal.tsx, src/views/ShopView.tsx"
SCR-01-10,메인 로비 & 홈 (HomeView),개발,성능,모바일 네트워크 불안정 시 로비 진입 실패(화면 깜빡임) 및 매 방문마다 중복 에셋 핸드셰이크로 재진입 로딩 지연(>2.5초) 발생.,Workbox 기반 스마트 PWA Service Worker 프리캐싱 파이프라인 및 stale-while-revalidate 캐싱을 구축하여 네트워크 단절 시에도 즉시 오프라인 로비 셸 렌더링 구현.,"네트워크 불안정 상태에서도 로비 진입 성공률 100% 확보, 재방문 로딩 속도 85% 단축(2.5초 -> 0.3초) 및 PWA 홈 화면 추가 전환율 30% 증가.",작업대기,"src/views/HomeView.tsx, src/serviceWorkerRegistration.ts, vite.config.ts"
SCR-01-11,메인 로비 & 홈 (HomeView),디자인,사용성,"고정된 주간 배경 비주얼로 야간 플레이 시 눈 피로도가 높고, OS 시스템 다크 모드와 연동되지 않아 100dvh 화면에서 시각적 이질감 발생.",OS 시스템 다크 모드 자동 감지 테마 시스템 구축 및 사용자 현지 시간대(아침/낮/황혼/밤)에 따라 실시간 변화하는 '다이내믹 앰비언트 스카이박스' 및 OLED 딥블랙 UI 제공.,"야간 세션 플레이 유저 눈 피로도 60% 절감, 야간 체류 시간 25% 증가 및 OLED 디바이스 배터리 소모 20% 절약.",작업대기,"src/views/HomeView.tsx, src/components/DynamicSkyboxCanvas.tsx, src/theme/ThemeProvider.tsx"
SCR-01-12,메인 로비 & 홈 (HomeView),기획,과금전환,메인 로비가 단순 대기실 역할에 머물러 있어 로비 자체에 머무르는 재미와 특정 시간대 유저 접속 집결 동기 부재.,매일 정오(12시)/자정(24시) 로비에 '황금 도둑 고블린'이 깜짝 등장해 연타 시 재화를 드랍하는 미니 이벤트 신설 및 도주 직전 3분 한정 '황금 그물 포획 패키지(990원)' 연동.,"정오/자정 피크 타임 DAU 35% 급증, 로비 터치 인터랙션 참여율 80% 달성 및 3분 초단기 타임딜 결제 전환율 6.7% 신규 창출.",작업대기,"src/views/HomeView.tsx, src/components/GoldenGoblinEvent.tsx, src/views/ShopView.tsx"
SCR-02-10,배틀 아레나 (PlayGameView),개발,성능,HTML5 오디오 태그 병목으로 모바일에서 타격 SFX 재생 시 80~120ms 레이턴시 발생 및 다중 타격 시 소리 끊김 현상 발생.,저지연 Web Audio API 컨텍스트 전면 전환 및 사전 디코딩된 PCM 오디오 버퍼 풀링과 믹서 파이프라인을 구축하여 터치 즉시 무지연 타격 SFX 재생 보장.,"모바일 오디오 재생 딜레이 제로화(100ms -> <5ms), 동시 다중 타격 사운드 왜곡 제로화 및 배틀 몰입감 극대화.",작업대기,"src/views/PlayGameView.tsx, src/lib/WebAudioEngine.ts, src/lib/SoundBufferPool.ts"
SCR-02-11,배틀 아레나 (PlayGameView),디자인,사용성,"카드 발동 시 필드 슬롯까지 길게 드래그해야 해 손가락 가림이 발생하고, 흔들리는 이동 환경에서 드래그 미스 및 시간 초과 빈번 발생.",카드를 위로 가볍게 튕겨내는 '원터치 플릭 제스처' 소환 및 엄지 터치 지속 시 적을 자동 조준하는 '스마트 타겟 조준선' 인터랙션 구축.,"카드 발동 소요 시간 60% 단축(1.2초 -> 0.4초), 이동 환경에서 드래그 조작 오류율 85% 감소 및 한 손 조작 만족도 극대화.",작업대기,"src/views/PlayGameView.tsx, src/components/CardFlickGestureController.tsx, src/components/AutoTargetingRay.tsx"
SCR-02-12,배틀 아레나 (PlayGameView),기획,과금전환,"극적인 역전승/명장면 달성 시 외부에 자랑할 공유 수단이 없어 바이럴 유입이 차단되고, 배틀 승리 후 배틀 패스 추가 부스팅 유인 부족.",승리 직후 15초 명장면을 9:16 숏폼 규격으로 1-클릭 공유하는 '리플레이 숏폼 생성기' 연동 및 승리 후 5분간 배틀 패스 별 3배 획득 '스타 부스터(600원)' 신설.,"SNS 바이럴 공유율 4배 증가, 신규 유저 오가닉 유입 25% 상승 및 배틀 직후 소액 부스터 결제 전환율 5.7% 달성.",작업대기,"src/views/PlayGameView.tsx, src/components/BattleShortsGenerator.tsx, src/views/ShopView.tsx"
SCR-03-10,마이덱 & 카드 관리 (MyDeckView),개발,성능,덱 수정 시마다 서버 동기화 요청으로 200~400ms 지연 스피너 발생 및 네트워크 음영 구역에서 덱 열람/편성 불가.,"인벤토리 및 덱 메타데이터를 클라이언트 IndexedDB에 로컬 캐싱하고, 낙관적 업데이트와 백그라운드 동기화 큐를 구축하여 오프라인 편집 보장.","덱 저장 체감 반응 속도 0ms 달성, 서버 API 호출 횟수 80% 절감 및 네트워크 단절 시에도 덱 편집 100% 보장.",작업대기,"src/views/MyDeckView.tsx, src/lib/DeckIndexedDB.ts, src/lib/DeckSyncQueue.ts"
SCR-03-11,마이덱 & 카드 관리 (MyDeckView),디자인,사용성,모바일 100dvh 화면에서 1번 덱과 2번 덱의 상성/시너지 스펙을 비교하려면 탭을 번갈아 눌러야 해 직관적 비교 불가.,두 손가락 핀치 인 시 등록된 5개 덱을 한눈에 조망하는 '덱 버드뷰(Bird's-Eye View) 줌아웃 비교 모드' 및 덱 간 카드 원터치 드래그 스왑 인터랙션 구축.,"멀티 덱 비교 및 카드 교체 소요 시간 65% 단축, 모바일 덱 관리 조작 만족도 45% 향상.",작업대기,"src/views/MyDeckView.tsx, src/components/DeckBirdEyeView.tsx, src/components/DeckPinchController.tsx"
SCR-03-12,마이덱 & 카드 관리 (MyDeckView),기획,과금전환,카드 일러스트 외형을 커스텀할 수단이 없어 애정 카드에 대한 감성 과금 모델 부재 및 기본 덱 슬롯(5개) 제한으로 전략 실험 제약.,"테두리, 홀로그램 포일, 파티클을 직접 튜닝하는 '커스텀 홀로 스킨 제작소(스킨 재료팩 990원)' 연동 및 최대 10슬롯 '덱 마스터 프리미엄 패스(2,500원)' 판매 동선 구축.","커스텀 스킨을 통한 감성 과금 전환율 5.8% 달성, 코어 유저의 덱 확장 패스 구매율 32% 달성 및 덱 애착도 극대화.",작업대기,"src/views/MyDeckView.tsx, src/components/HoloSkinCustomizer.tsx, src/views/ShopView.tsx"
SCR-04-10,상점 & 가챠 (ShopView),개발,성능,결제 창 호출 및 복귀 시 웹뷰 리로드/재동기화로 2~3초간 화면 프리징 발생 및 토큰 검증 지연으로 유저 불안감 유발.,"결제 웹뷰 프로세스를 비동기 워커로 분리하고, 결제 승인 즉시 클라이언트에 선반영하는 낙관적 결제 핸들러 파이프라인 구축하여 복귀 시 0ms 렌더링 유지.","결제 완료 후 인벤토리 반영 체감 시간 85% 단축(3초 -> 0.4초), 결제 중단/이탈률 40% 감소 및 결제 직후 60fps 무지연 UI 유지.",작업대기,"src/views/ShopView.tsx, src/lib/PaymentBridge.ts, src/lib/OptimisticPurchaseHandler.ts"
SCR-04-11,상점 & 가챠 (ShopView),디자인,사용성,"소환 결과가 정적 그리드로 단순 노출되어 개봉 기대감과 손맛이 결여되고, 100dvh 화면에서 개별 카드 확인 피로도 가중.",미개봉 레어 카드를 손가락으로 문질러 확인하는 '모바일 햅틱 스크래치' 인터랙션 구축 및 기기 기울임에 반응하는 '자이로 3D 틸트' 반응형 뷰어 제공.,"가챠 개봉 인터랙션 몰입도 65% 향상, 결과 화면 체류 시간 40% 증가 및 촉각/시각 도파민 극대화.",작업대기,"src/views/ShopView.tsx, src/components/CardScratchReveal.tsx, src/components/GyroTiltCardViewer.tsx"
SCR-04-12,상점 & 가챠 (ShopView),기획,과금전환,"픽업 소환 시 특정 캐릭터 저격이 어렵고, 픽업 실패(비선호 카드 획득) 시 좌절감으로 후속 과금 시도 급격 위축.","소환 전 원하는 SSR 3장을 지정하는 '커스텀 위시리스트' 시스템 도입 및 중복 카드 분해 재화로 즉시 교환하는 '연성 촉매 패키지(1,500원)' 타임딜 연동.","픽업 가챠 유저 결제 전환율 5.9% 상승, 천장 전 이탈률 35% 방어 및 위시리스트 만족도 50% 향상.",작업대기,"src/views/ShopView.tsx, src/components/WishlistSelectorModal.tsx, src/components/StarFragmentExchangeSheet.tsx"
SCR-05-10,카드 마켓플레이스 (CardMarketplaceView),개발,성능,수만 건의 매물 다중 복합 조건 필터링/정렬 시 메인 스레드 연산 병목으로 200ms 이상 UI 블로킹 및 타이핑 렉 발생.,"매물 인덱싱 및 다중 필터/정렬 연산을 백그라운드 Web Worker로 분리하고, 비트셋 기반 경량 인메모리 검색 엔진을 구축하여 0ms 인풋 지연 렌더링 보장.","복합 검색/정렬 시 메인 스레드 락 제로화, 필터링 반응 시간 90% 단축(200ms -> 15ms) 및 60fps 무감속 스크롤 유지.",작업대기,"src/views/CardMarketplaceView.tsx, src/workers/MarketFilterWorker.ts, src/lib/MarketIndexEngine.ts"
SCR-05-11,카드 마켓플레이스 (CardMarketplaceView),디자인,사용성,"비슷한 가격대 매물 2~3개 비교 시 상세 화면 왕복으로 쇼핑이 번거롭고, 관심 카드를 빠르게 스크랩하는 원핸드 제스처 부재.",롱프레스 햅틱 원터치 마그네틱 찜(Wishlist) 인터랙션 탑재 및 찜한 카드 2장을 100dvh 상하로 분할 대조하는 '스플릿 비교 바텀시트(48px)' 구축.,"매물 비교 결정 소요 시간 60% 단축, 관심 매물 등록률 55% 증가 및 모바일 한 손 쇼핑 만족도 대폭 개선.",작업대기,"src/views/CardMarketplaceView.tsx, src/components/MarketSplitCompareSheet.tsx, src/components/QuickWishlistButton.tsx"
SCR-05-12,카드 마켓플레이스 (CardMarketplaceView),기획,과금전환,"24시간 모니터링 불가로 시세 대비 저렴한 급매물을 놓쳐 박탈감을 느끼며, 자동 거래 편의 기능 부재로 인한 과금 모델 한계.","목표가 이하 등록 시 오프라인 자동 즉시 체결해주는 7일 기간제 '스마트 스나이퍼 봇 패스(1,500원)' 및 실시간 최저가 급매물 즉시 푸시 '골든 레이더 티켓(500원)' 연동.","마켓 유저의 자동화 편의 상품 결제 전환율 6.4% 달성, 거래소 매물 회전율 45% 상승 및 시세 차익 거래 도파민 극대화.",작업대기,"src/views/CardMarketplaceView.tsx, src/components/SniperBotConfigModal.tsx, src/views/ShopView.tsx"
SCR-06-10,가상 주식 거래소 (StockMarketView),개발,성능,차트에 다중 보조지표(MACD/RSI/볼린저밴드) 동시 활성화 시 JS 부동소수점 반복 계산으로 80ms 이상 CPU 락 및 25fps 프레임 저하 발생.,보조지표 계산을 C++/Rust 컴파일 기반 WebAssembly(Wasm) 및 SIMD 가속 엔진으로 전환하고 SharedArrayBuffer로 오프스크린 캔버스에 직결하는 60fps 파이프라인 구축.,"5종 이상 보조지표 동시 활성화 시 연산 지연 90% 단축(80ms -> 6ms), 60fps 완전 유지 및 모바일 기기 발열 대폭 감소.",작업대기,"src/views/StockMarketView.tsx, src/wasm/TechnicalIndicators.wasm, src/lib/WasmIndicatorBridge.ts"
SCR-06-11,가상 주식 거래소 (StockMarketView),디자인,사용성,"차트 조회 중 다른 급등 종목 이동 시 목록 복귀 재탐색으로 타이밍을 놓치고, 매수/매도 탭 전환 시 인풋 초기화로 주문 속도 저하.",100dvh 상단에 실시간 급등락 TOP 3 종목 1-Tap 즉시 전환 '플로팅 핫 티커(40px)' 및 입력 수량을 보존한 채 매수↔매도를 0.1초 만에 전환하는 '1-Tap 리버스 스왑 토글' 구축.,"급등 종목 전환 소요 시간 70% 단축(3단계 -> 1탭), 신속 매매 대응성 극대화 및 모바일 한 손 단타 매매 만족도 40% 향상.",작업대기,"src/views/StockMarketView.tsx, src/components/HotStockTickerBar.tsx, src/components/OrderReverseSwapToggle.tsx"
SCR-06-12,가상 주식 거래소 (StockMarketView),기획,과금전환,"급격한 폭락장에서 패닉셀 자산 손실로 좌절하여 이탈하며, 시장 전체의 거시 변동성을 활용한 인게임 이벤트 및 과금 완충제 부재.",종목 20% 급변 시 5분간 거래 정지 및 특별 퀴즈/선착순 보너스를 주는 '가상 서킷브레이커 이벤트' 신설 및 손실액의 최대 70%를 보전하는 '긴급 리스크 헤지 보험 팩(800원)' 연동.,"폭락장 발생 시 유저 이탈률 45% 방어, 위기 상황에서의 헤지 패키지 결제 전환율 6.5% 신규 창출 및 증시 이벤트 몰입도 극대화.",작업대기,"src/views/StockMarketView.tsx, src/components/CircuitBreakerModal.tsx, src/views/ShopView.tsx"
SCR-07-10,승부 예측 시장 (PredictionMarketView),개발,성능,수천 명의 동시 집중 베팅 시 JSON 웹소켓 파싱 오버헤드로 100ms 이상 JS GC 스파이크 및 25fps 이하 프레임 저하 발생.,"배당률 및 베팅 풀 데이터를 바이너리 프로토콜(ArrayBuffer)로 압축 직렬화하고, Zero-Copy 디코딩 파이프라인을 구축하여 GC 프리징 없는 60fps 무지연 렌더링 보장.","웹소켓 대역폭 75% 절감, 모바일 JS GC 정체 현상 제로화 및 대규모 동시 베팅 시 60fps 완벽 방어.",작업대기,"src/views/PredictionMarketView.tsx, src/lib/BinaryOddsDecoder.ts, src/workers/PredictionStreamWorker.ts"
SCR-07-11,승부 예측 시장 (PredictionMarketView),디자인,사용성,예측과 함께 경기 중계를 보려면 길게 스크롤해야 해 100dvh 화면에서 베팅 패널이 밀려나 실시간 대응 불가.,100dvh 상단에 드래그 가능한 '플로팅 미니 경기 중계 PIP 창' 구축 및 하단에 베팅 팀을 향해 연타 이펙트를 날리는 '1-Tap 햅틱 라이브 치어링 바' 구축.,"경기 관람 및 실시간 베팅 동시 수행 만족도 65% 향상, 스크롤 이탈률 70% 감소 및 라이브 응원 참여율 85% 달성.",작업대기,"src/views/PredictionMarketView.tsx, src/components/FloatingMatchPip.tsx, src/components/LiveCheeringBar.tsx"
SCR-07-12,승부 예측 시장 (PredictionMarketView),기획,과금전환,"적중 배당금 수령 후 다음 경기를 찾지 못해 세션을 종료하며, 고배당 적중 유저의 명예 과시 및 재투자 순환 기전 부재.",적중 배당금을 다음 경기에 복리 베팅 시 보너스 배당률 +10%를 얹어주는 '스마트 롤오버 패스(990원)' 연동 및 로비에 1시간 응원 문구를 띄우는 '명예의 골든 스폰서 배너' 구축.,"적중 후 세션 지속 플레이율 50% 상승, 롤오버 패스 결제 전환율 6.3% 신규 창출 및 랭커 유저의 명예 과시 욕구 극대화.",작업대기,"src/views/PredictionMarketView.tsx, src/components/RolloverReinvestModal.tsx, src/views/ShopView.tsx"
SCR-08-10,소환 & 융합 연구소 (FusionLabView),개발,성능,다중 합성 시 스탯 롤링 연산의 메인 스레드 반복으로 50ms 이상 지연 및 고해상도 결과 카드 텍스처 로딩으로 20fps 끊김 발생.,"스탯 계승 및 확률 시뮬레이션을 C++ 기반 WASM 모듈로 전환하고, 결과 카드 텍스처를 아틀라스 인스턴싱 풀에서 재사용하여 GC 없는 60fps 무감속 렌더링 구축.","융합 결과 연산 시간 95% 단축(50ms -> 1.5ms), 메모리 할당 스파이크 80% 억제 및 결과 노출 시 60fps 완벽 유지.",작업대기,"src/views/FusionLabView.tsx, src/wasm/FusionProbabilityEngine.wasm, src/lib/CardTexturePool.ts"
SCR-08-11,소환 & 융합 연구소 (FusionLabView),디자인,사용성,"융합 후 재료 카드 대비 스탯 성장폭 대조가 어렵고, 결과 창에서 즉시 잠금(Lock)을 걸거나 덱에 편성하는 숏컷 부재.","하프 바텀시트 '재료 vs 결과 스탯 성장 레이더 차트' 제공 및 위로 스와이프 시 '즉시 덱 장착', 아래로 스와이프 시 '잠금' 처리되는 1-Tap 햅틱 제스처 구축.","융합 성과 인지 및 덱 편성 동선 70% 단축(3단계 화면 이동 -> 1제스처), 잠금 누락으로 인한 재료 오사용 사고 방지.",작업대기,"src/views/FusionLabView.tsx, src/components/FusionResultCompareSheet.tsx, src/components/QuickDeckEquipGesture.tsx"
SCR-08-12,소환 & 융합 연구소 (FusionLabView),기획,과금전환,"융합 결과가 정해진 일반 풀에서만 나와 반복 시 지루함이 발생하며, 고가치 히든 카드 획득을 자극하는 단계별 프로그레시브 과금 모델 부재.","1% 확률로 고유 스킬을 지닌 '샤이니 돌연변이 카드'가 탄생하는 연성 이벤트 신설 및 돌연변이 확률을 높여주는 '연금술 비전 촉매 3단계 패키지(500~2,500원)' 연동.","주간 융합 시도 횟수 2.5배 증가, 단계별 패키지 결제 전환율 6.8% 달성 및 히든 카드 획득 시 커뮤니티 바이럴 폭발.",작업대기,"src/views/FusionLabView.tsx, src/components/MutantFusionEventModal.tsx, src/views/ShopView.tsx"
SCR-09-10,길드 & 소셜 하우스 (GuildHouseView),개발,성능,길드 레이드 음성 채팅 시 오디오 버퍼 지연(150~300ms)과 백그라운드 탭 전환 시 연결 끊김 및 CPU 스파이크(20% 이상) 발생.,"WebRTC 저지연 P2P 오디오 채널 및 Web Audio 기반 3D 공간 음향 파이프라인 구축, 거리 기반 감쇄와 Opus 패킷 압축으로 50인 동시 접속 시 CPU 5% 미만 유지.","음성 지연 80% 단축(250ms -> 45ms), 배터리 소모 30% 절감 및 실시간 보이스 레이드 시 60fps 무지연 안정성 확보.",작업대기,"src/views/GuildHouseView.tsx, src/lib/GuildWebRTCEngine.ts, src/lib/SpatialVoiceManager.ts"
SCR-09-11,길드 & 소셜 하우스 (GuildHouseView),디자인,사용성,길드원 지원(용병) 카드 빌리기 시 복잡한 게시판 목록 탐색으로 100dvh에서 터치 동선이 길고 대여/반납 맥락 단절 발생.,100dvh 하단에 길드원 지원 카드를 좌우 스와이프로 넘겨보는 '마그네틱 렌탈 캐러셀 독(48px)' 및 탭 즉시 대여/반납 완료되는 1-Tap 바텀시트 UX 구축.,"용병 카드 탐색 및 대여 소요 시간 65% 단축(1분 -> 20초), 길드원 간 카드 지원 참여율 55% 증가.",작업대기,"src/views/GuildHouseView.tsx, src/components/GuildRentalCarousel.tsx, src/components/RentalQuickActionSheet.tsx"
SCR-09-12,길드 & 소셜 하우스 (GuildHouseView),기획,과금전환,길드 성장이 단순 출석/기부에 머물러 길드원 전체가 함께 목표를 달성하는 성취감과 대규모 공동 투자 도파민 기전 부재.,"길드 로비에 영구 버프를 부여하는 랜드마크를 공동 완공하는 '길드 랜드마크 펀딩 시스템' 도입 및 기여도 1~3위 황금 동상 건립권 포함 '랜드마크 후원 펀딩팩(1,900원)' 연동.","길드 유저 주간 평균 플레이 타임 35% 증가, 펀딩 기간 결제 전환율 7.1% 달성 및 길드 소속감 극대화.",작업대기,"src/views/GuildHouseView.tsx, src/components/GuildLandmarkFundingModal.tsx, src/views/ShopView.tsx"
SCR-10-10,랭킹 & 명예의 전당 (LeaderboardView),개발,성능,결산 직전 실시간 점수 변동 급증 시 전체 랭킹 재파싱 및 트리 재생성으로 70ms 이상 렌더링 지연 및 스크롤 버벅임 발생.,변동 항목만 전송하는 바이너리 델타 디프(Delta Diff) 수신 엔진 및 인메모리 AVL 트리 구조를 적용하여 뷰포트 내 가시 영역만 부분 패치하는 60fps 파이프라인 구축.,"결산 피크 데이터 전송량 85% 절감, DOM 리렌더링 오버헤드 90% 단축 및 60fps 무지연 고속 스크롤 유지.",작업대기,"src/views/LeaderboardView.tsx, src/lib/RankingDeltaDiff.ts, src/lib/RankingAvlTree.ts"
SCR-10-11,랭킹 & 명예의 전당 (LeaderboardView),디자인,사용성,"전 서버 전체 랭킹 위주 노출로 친구/길드원 범위 내 상대적 위치 파악이 어렵고, 최근 내 순위 변동 추세를 직관적으로 확인 불가.",100dvh 상단에 '전체/친구/길드/동네' 원터치 마그네틱 필터 칩(44px) 배치 및 프로필 옆에 최근 7일간 순위 궤적을 보여주는 '실시간 스파크라인' UI 구축.,"소셜 경쟁 확인 소요 시간 60% 단축, 랭킹 화면 재방문율 40% 증가 및 직관적 순위 상승 도파민 체감.",작업대기,"src/views/LeaderboardView.tsx, src/components/RankingFilterChipBar.tsx, src/components/RankSparklineChart.tsx"
SCR-10-12,랭킹 & 명예의 전당 (LeaderboardView),기획,과금전환,"시즌 종료 후 기본 보상만 지급되어 최상위권 지속 경쟁 유인이 약화되고, 일반 유저가 명예의 전당 랭커를 지지/후원하는 인터랙션 부재.",TOP 10 랭커에게 전 서버 영구 전시 골든 칭호/오라 부여 및 일반 유저가 차기 챔피언을 후원하는 '명예 챔피언 펀드(응원 티켓 500원)' 지지 배당 과금 모델 구축.,"최상위 랭커 과금 유지율 45% 상승, 일반 유저 랭커 후원 결제 전환율 6.2% 신규 창출 및 챔피언십 팬덤 형성.",작업대기,"src/views/LeaderboardView.tsx, src/components/HallOfFameAuctionModal.tsx, src/views/ShopView.tsx"
SCR-11-10,퀘스트 & 업적 센터 (QuestAchievementView),개발,성능,인게임 행동 시마다 수십 개 퀘스트 조건을 메인 루프에서 O(N) 전체 순회 평가하여 40ms 이상 프레임 드랍 및 이벤트 병목 발생.,퀘스트 트리거를 이벤트 역방향 인덱스(Reverse Index) 맵으로 구조화하고 XState 상태 머신 및 IndexedDB 캐시를 구축하여 타겟 퀘스트만 O(1)로 증분 갱신하는 60fps 파이프라인 구현.,"진행도 계산 CPU 부하 90% 절감, 인게임 플레이 중 프레임 드랍 제로화 및 오프라인 상태에서도 퀘스트 카운팅 100% 보장.",작업대기,"src/views/QuestAchievementView.tsx, src/lib/QuestStateMachine.ts, src/lib/QuestReverseIndex.ts"
SCR-11-11,퀘스트 & 업적 센터 (QuestAchievementView),디자인,사용성,완료된 퀘스트가 중간중간 흩어져 있어 100dvh 화면을 길게 스크롤하며 찾아야 하고 수령 후 목록 시각적 리듬 단절 발생.,화면을 아래로 당기는 Pull-down 제스처 시 완료 보상이 중앙으로 모여 한 번에 흡입되는 '마그네틱 풀(Magnetic Pull)' 수령 인터랙션 및 완료 항목 자동 접힘 아코디언 UX 구축.,"분산된 보상 수령 시간 80% 단축(40초 -> 5초), 스크롤 피로도 해소 및 촉각 햅틱 흡입 쾌감 극대화.",작업대기,"src/views/QuestAchievementView.tsx, src/components/MagneticPullReward.tsx, src/components/AutoCollapsingAccordion.tsx"
SCR-11-12,퀘스트 & 업적 센터 (QuestAchievementView),기획,과금전환,단순 텍스트 체크리스트 형태의 나열로 달성 시의 게임적 성취감과 전략적인 완료 동기부여 부족.,"주간 퀘스트를 3x3 '골든 빙고(Bingo) 보드' 형태로 시각화하여 1줄 완성 시마다 미니 룰렛권을 지급하고, 올빙고 직전 1칸 남았을 때 즉시 채워주는 '황금 빙고 조커 티켓(800원)' 연동.","주간 퀘스트 완료율 48% 상승, 올빙고 직전 조커 티켓 결제 전환율 6.4% 신규 창출 및 빙고 완성 도파민 극대화.",작업대기,"src/views/QuestAchievementView.tsx, src/components/WeeklyBingoBoard.tsx, src/views/ShopView.tsx"
SCR-12-10,환경설정 & 계정/보상 센터 (SettingRewardView),개발,성능,장기 플레이 시 브라우저 캐시 및 IndexedDB에 수백 MB 만료 에셋 누적으로 스토리지 부족 경고 및 I/O 지연 발생.,설정 내 지난 시즌/만료 이벤트 에셋을 1-클릭 선별 정리하는 '스마트 디스크 가비지 컬렉터' 탑재 및 필수/캐시 격리 파티셔닝 파이프라인 구축.,"모바일 로컬 저장공간 평균 65% 회수(350MB -> 120MB), 스토리지 I/O 지연 제로화 및 장기 유저 앱 크래시 40% 방지.",작업대기,"src/views/SettingRewardView.tsx, src/lib/StoragePartitionManager.ts, src/lib/SmartDiskCleaner.ts"
SCR-12-11,환경설정 & 계정/보상 센터 (SettingRewardView),디자인,사용성,"소형 모바일 기기 및 야외 직사광선 환경에서 폰트 가독성이 떨어지며, 색약/저시력 유저를 위한 접근성 옵션 부재.","하단 Thumb Zone에 엄지 스와이프로 폰트 크기(100~130%)를 조절하는 '텍스트 스케일러 휠(48px)' 및 WCAG AAA 고대비 모드, 색약 보정 필터 제공.","야외 플레이 가독성 불만 75% 감소, 저시력/색약 유저 접근성 100% 확보 및 모바일 한 손 세팅 편의성 극대화.",작업대기,"src/views/SettingRewardView.tsx, src/components/AccessibilitySettingWheel.tsx, src/theme/HighContrastTheme.ts"
SCR-12-12,환경설정 & 계정/보상 센터 (SettingRewardView),기획,과금전환,웹 푸시 알림 동의율이 낮아 에너지 완충/게릴라 등 리텐션 트리거 전달이 차단되어 있고 알림 유도 인센티브 부재.,알림 켜기 동의 즉시 'SSR 소환권 1장 + 500 다이아' 즉시 증정 리워드 신설 및 매일 핫타임 쿠폰이 자동 발송되는 '스마트 VIP 푸시 알림 패스(990원)' 연동.,"웹 푸시 권한 획득률 3.5배 증가(15% -> 52%), D7 리텐션 24% 상승 및 알림 패스 결제 전환율 6.1% 달성.",작업대기,"src/views/SettingRewardView.tsx, src/components/PushPermissionModal.tsx, src/views/ShopView.tsx"
SCR-01-13,메인 로비 & 홈 (HomeView),개발,성능,로비 방치 또는 백그라운드 전환 시에도 60fps 풀 가동으로 모바일 발열 및 배터리 과다 소모 발생.,Page Visibility 및 Battery API 연동으로 미조작 시 프레임을 단계적 다운클럭(30/15fps)하고 백그라운드 시 렌더 루프를 정지하는 스마트 배터리 세이버 렌더러 구축.,"로비 대기 시 배터리 소모 55% 절감, 기기 표면 온도 4°C 냉각 및 터치 복귀 시 0ms 즉시 60fps 복구.",작업대기,"src/views/HomeView.tsx, src/lib/BatterySaverManager.ts, src/lib/PixiRenderScheduler.ts"
SCR-01-14,메인 로비 & 홈 (HomeView),디자인,사용성,"고정된 로비 배치로 자주 쓰는 기능 접근이 제한적이며, 캐릭터 일러스트를 감상하고 싶어도 버튼과 HUD가 화면을 가림.",자주 쓰는 모드를 배치/정렬하는 '원핸드 모듈러 위젯 독' 구축 및 빈 화면 더블 탭 시 모든 UI가 숨겨지는 '1-Tap 클린 뷰(Clean View) 갤러리 모드' 제공.,"주요 모드 진입 동선 40% 단축, 캐릭터 일러스트 감상 만족도 65% 향상 및 개인화된 로비 UX 완성.",작업대기,"src/views/HomeView.tsx, src/components/ModularWidgetDock.tsx, src/components/CleanViewToggle.tsx"
SCR-01-15,메인 로비 & 홈 (HomeView),기획,과금전환,출석 체크 후 로비에서 즉시 운을 시험하거나 소소한 재미를 느낄 수 있는 데일리 도파민 인터랙션 부재.,매일 1회 무료로 동전을 던져 잭팟을 노리는 '소원의 분수대' 신설 및 투척 직후 10분 한정 '황금 분수 소원 패키지(700원 = 코인 5개 + 확률 3배)' 게릴라 타임딜 연동.,"일일 첫 접속 후 로비 참여율 75% 달성, 소액 분수 패키지 결제 전환율 6.6% 신규 창출.",작업대기,"src/views/HomeView.tsx, src/components/WishingFountainModal.tsx, src/views/ShopView.tsx"
SCR-02-13,배틀 아레나 (PlayGameView),개발,성능,패에 든 카드를 들고 필드를 빠르게 휘두를 때 틸트/그림자 물리 연산 병목으로 35~45fps 저하 및 터치 인풋 렉 발생.,카드 궤적 및 스프링 물리 시뮬레이션을 OffscreenCanvas 및 전용 Web Worker로 분리하고 Pointer Raw Update 파이프라인으로 직결하여 60fps 무감속 추적 구현.,"카드 드래그 인풋 렉 제로화(40ms -> 4ms), 60fps 안정도 99.8% 확보 및 실물 카드를 쥐고 흔드는 듯한 초고속 손맛 제공.",작업대기,"src/views/PlayGameView.tsx, src/workers/CardPhysicsWorker.ts, src/components/CardSpringRig.tsx"
SCR-02-14,배틀 아레나 (PlayGameView),디자인,사용성,"왼손잡이나 대중교통 한 손 플레이 시 우측 편향 UI로 엄지가 닿지 않고, 적 후열 유닛의 버프 아이콘이 작아 100dvh에서 식별 불가.",100dvh 하단에 '왼손/오른손 원터치 미러링 토글(44px)' 구축 및 적 유닛 롱프레스 시 버프/디버프 상태가 1.5배 확대되는 '스마트 필드 인스펙터' 돋보기 팝업 제공.,"왼손잡이 및 한 손 조작 만족도 70% 향상, 상대 유닛 버프 오독으로 인한 플레이 실수 80% 차단.",작업대기,"src/views/PlayGameView.tsx, src/components/HandednessLayoutSwitcher.tsx, src/components/UnitFieldInspector.tsx"
SCR-02-15,배틀 아레나 (PlayGameView),기획,과금전환,"마지막 일격(피니시) 순간이 일반 타격과 동일해 승리의 절정감이 부족하고, 승리 후 기본 보상이 고정되어 성취감 증폭 상품 결여.","상대 카드가 산산조각 나는 '피니시 이펙트 커스텀 스킨(1,200원)' 연동 및 승리 확정 직후 1분간 보상을 2배로 올려주는 '빅토리 더블업 티켓(400원)' 즉시 팝업 연계.","승리 순간 도파민 극대화 및 피니시 스킨 구매 전환율 5.3% 달성, 승리 직후 더블업 소액 결제 전환율 6.8% 달성.",작업대기,"src/views/PlayGameView.tsx, src/components/BattleFinisherCutin.tsx, src/views/ShopView.tsx"
SCR-03-13,마이덱 & 카드 관리 (MyDeckView),개발,성능,수십~수백 장의 카드 일괄 분해/강화 시 메인 스레드 정산 병목으로 150ms 이상 UI 프리징 및 애니메이션 버벅임 발생.,"대량 분해 및 정산 로직을 백그라운드 Web Worker 트랜잭션으로 분리하고, 청크 단위(16.6ms 슬라이스) 점진 상태 반영 파이프라인 구축.","일괄 분해 시 메인 스레드 락 제로화, 인벤토리 갱신 레이턴시 85% 단축 및 모바일 60fps 애니메이션 완벽 방어.",작업대기,"src/views/MyDeckView.tsx, src/workers/InventoryBatchWorker.ts, src/lib/BatchTransactionQueue.ts"
SCR-03-14,마이덱 & 카드 관리 (MyDeckView),디자인,사용성,100dvh 화면의 작은 썸네일에서 스킬/룬 아이콘 식별이 어렵고 상세 팝업 오픈 시 인벤토리 탐색 맥락 단절 발생.,스킬 영역 탭 시 마이크로 툴팁이 뜨는 '1-Tap 스마트 렌즈' 및 롱프레스 시 손가락 기울기에 반응하는 3D 홀로그램 틸트 프리뷰(48px 등록 버튼 연동) 구축.,"카드 상세 탐색 시간 55% 단축, 덱 편성 중 화면 가림 없는 원핸드 편의성 및 카드 시각 만족도 대폭 향상.",작업대기,"src/views/MyDeckView.tsx, src/components/CardSmartLensTooltip.tsx, src/components/CardHoloTiltPreview.tsx"
SCR-03-15,마이덱 & 카드 관리 (MyDeckView),기획,과금전환,단순 공격력 합산 위주 편성으로 종족/속성 간 복합 시너지 콤보 조합의 재미가 부족하고 시너지 특화 과금 트리거 부재.,3/5세트 완성 시 특수 효과가 발동하는 '시너지 콤보 마스터리' 트리 신설 및 조건 1장 부족을 완충하는 '만능 와일드카드 크리스털(990원)' 연동.,"비주류 카드 연구 및 다양한 덱 편성률 45% 상승, 시너지 완성을 위한 크리스털 결제 전환율 6.3% 신규 창출.",작업대기,"src/views/MyDeckView.tsx, src/components/DeckSynergyMasteryModal.tsx, src/views/ShopView.tsx"
SCR-04-13,상점 & 가챠 (ShopView),개발,성능,상점 진입 시 수십 종 상품 썸네일/배너/일러스트 일시 로딩으로 모바일 메모리 250MB 급증 및 120ms 프레임 프리징 발생.,네트워크 대역폭 및 가용 RAM 감지 기반 3단계 해상도 스트리밍과 뷰포트 외 에셋을 즉각 회수하는 LRU 텍스처 풀 매니저 구축하여 60fps 무지연 보장.,"상점 초기 메모리 점유율 60% 절감(250MB -> 98MB), 데이터 사용량 55% 절약 및 상점 진입 시 60fps 유지.",작업대기,"src/views/ShopView.tsx, src/lib/AdaptiveAssetStreamer.ts, src/lib/LruTexturePool.ts"
SCR-04-14,상점 & 가챠 (ShopView),디자인,사용성,"상품 카테고리가 세로로 길게 나열되어 100dvh 화면에서 과도한 스크롤이 발생하고, 여러 소액 상품을 개별 결제해야 하는 피로도 발생.",100dvh 상단 수평 스와이프 스냅 카테고리 캐러셀 배치 및 하단 Thumb Zone에 관심 상품을 모아 한 번에 결제하는 '1-Tap 스마트 번들 장바구니 독(48px)' 구축.,"상점 탐색 스크롤 거리 65% 단축, 다중 소액 상품 구매 소요 시간 70% 단축(개별 결제 -> 1회 통합 결제).",작업대기,"src/views/ShopView.tsx, src/components/HorizontalProductCarousel.tsx, src/components/QuickBundleCartDock.tsx"
SCR-04-15,상점 & 가챠 (ShopView),기획,과금전환,10연차 소환 시 버튼 클릭 후 결과만 수동적으로 기다리게 되어 유저가 결과에 개입한다는 통제감과 긴장감 결여.,10연차 직전 2개 마법진 중 하나를 선택해 보너스(확률 1.5배 등)를 얻는 '운명 선택의 갈림길' 도입 및 폭망 시 80% 할인 '행운 역전 리벤지 팩(800원)' 타임딜 연동.,"가챠 통제감 부여로 유저 만족도 50% 향상, 가챠 실패 후 이탈률 40% 방어 및 리벤지 팩 결제 전환율 6.9% 달성.",작업대기,"src/views/ShopView.tsx, src/components/FateChoiceModal.tsx, src/views/ShopView.tsx"
SCR-05-13,카드 마켓플레이스 (CardMarketplaceView),개발,성능,인기 급매물 동시 체결 실패 시 낙관적 UI 롤백 깜빡임 및 오더북 불일치로 100ms 이상 화면 프리징/재조회 병목 발생.,오더북에 머클 트리(Merkle Tree) 기반 델타 해시 검증기를 탑재하여 불일치 틱만 1ms 내 마이크로 패치하고 실패 시 대체 매물 추천 큐를 연동한 60fps 파이프라인 구축.,"체결 실패 시 깜빡임/재조회 렉 100% 제거, 오더북 무결성 검증 CPU 부하 85% 절감 및 실시간 60fps 무지연 체결 보장.",작업대기,"src/views/CardMarketplaceView.tsx, src/lib/OrderBookMerkleValidator.ts, src/lib/OptimisticTradeManager.ts"
SCR-05-14,카드 마켓플레이스 (CardMarketplaceView),디자인,사용성,한정판 카드의 시리얼 넘버/포일 상태를 100dvh 작은 화면에서 확대 검수하기 어렵고 판매자와의 가격 흥정 입력이 번거로움.,카드 터치 시 2.5배 확대되어 미세 각인을 검수하는 '모바일 감정사 마이크로 돋보기 뷰어' 및 엄지 스와이프로 할인 가격을 즉시 오퍼하는 '원핸드 스마트 흥정 슬라이더(48px)' 구축.,"고가치 카드 검수 시간 60% 단축, 1:1 흥정 거래 성사율 45% 상승 및 모바일 한 손 거래 만족도 극대화.",작업대기,"src/views/CardMarketplaceView.tsx, src/components/CardAppraisalMagnifier.tsx, src/components/BargainOfferSlider.tsx"
SCR-05-15,카드 마켓플레이스 (CardMarketplaceView),기획,과금전환,"단순 매수/매도 반복으로 거래소 탐색의 돌발적 재미가 부족하고, 거래 수수료 차감에 대한 심리적 저항감 완화 장치 부재.",매시간 매물 목록에 랜덤 SSR이 숨겨진 '황금 블라인드 매물 상자' 게릴라 출현 및 거래 수수료의 50%를 적립해 즉시 인출하는 '황금 수수료 세이프 박스 열쇠(990원)' 연동.,"거래소 새로고침 및 체류 시간 50% 증가, 블라인드 상자 및 수수료 금고 열쇠 결제 전환율 6.7% 달성.",작업대기,"src/views/CardMarketplaceView.tsx, src/components/BlindBoxListingCard.tsx, src/views/ShopView.tsx"
SCR-06-13,가상 주식 거래소 (StockMarketView),개발,성능,장시간 시세 관망 시 수만 개 틱 객체 누적으로 150MB 이상 메모리 릭 및 잦은 GC 실행으로 20fps 이하 스터터링 발생.,Float64Array 기반 순환 링 버퍼(Circular Ring Buffer)를 구축하여 객체 생성 없는 O(1) 덮어쓰기 및 제로 카피 차트 렌더링 파이프라인 구현.,"장시간 구동 시 메모리 점유율 75% 절감(180MB -> 45MB), GC 프리징 빈도 95% 감소 및 60fps 완벽 방어.",작업대기,"src/views/StockMarketView.tsx, src/lib/TimeSeriesRingBuffer.ts, src/components/StockCandleCanvas.tsx"
SCR-06-14,가상 주식 거래소 (StockMarketView),디자인,사용성,급변하는 장세에서 분할 매수/매도 진행 시 수량을 매번 재입력하고 팝업을 거쳐야 해 100dvh 화면에서 기동성 저하.,100dvh 하단에 좌우 엄지로 25%씩 4단계 분할 매매를 0.2초 간격으로 연속 타격하는 '래피드 스플릿(Rapid Split) 4분할 바(48px)' 및 노-컨펌 햅틱 인터랙션 구축.,"분할 매매 소요 시간 70% 단축(10초 -> 2.5초), 모바일 분할 매매 만족도 55% 향상 및 오터치 방지.",작업대기,"src/views/StockMarketView.tsx, src/components/RapidSplitTradeBar.tsx, src/components/HapticTradeFeedback.tsx"
SCR-06-15,가상 주식 거래소 (StockMarketView),기획,과금전환,"상장 종목 가격 고착화 시 거래 동력이 감소하며, 신규 캐릭터 상장 시 축제 분위기 조성 및 상장 대박 도파민 기전 부재.","신규 캐릭터 출시 시 3일간 공모하는 'IPO 청약 페스티벌' 신설 및 공모주 배정 경쟁률 5배 우대 '골든 IPO 청약 프리미엄 팩(1,500원)' 연동.","신규 상장 시 거래소 트래픽 2.5배 급증, IPO 청약 기간 결제 전환율 6.8% 달성 및 상장 첫날 따상 축하 도파민 극대화.",작업대기,"src/views/StockMarketView.tsx, src/components/IpoSubscriptionModal.tsx, src/views/ShopView.tsx"
SCR-07-13,승부 예측 시장 (PredictionMarketView),개발,성능,SVG 기반 실시간 베팅 뎁스(Depth) 차트의 틱 업데이트 시 DOM 재계산으로 30fps 이하 프레임 저하 및 발열 유발.,실시간 뎁스 차트를 WebGL 셰이더 기반 인스턴스 렌더링 및 GPU 가속 2D 히트맵 파이프라인으로 전환하여 16.6ms 단일 드로우 콜로 60fps 무감속 엔진 구현.,"실시간 베팅 집중 구간 60fps 완전 유지, 브라우저 DOM 연산 오버헤드 95% 절감 및 모바일 배터리 지속 시간 25% 향상.",작업대기,"src/views/PredictionMarketView.tsx, src/components/PredictionDepthCanvas.tsx, src/lib/GpuHeatmapShader.ts"
SCR-07-14,승부 예측 시장 (PredictionMarketView),디자인,사용성,여러 경기 탐색 시 텍스트 목록 스크롤로 100dvh 화면에서 탐색 피로도가 높고 첫 베팅 진입 장벽 존재.,상하 스와이프로 경기 하이라이트와 전력을 5초 만에 확인하는 '100dvh 풀스크린 예측 쇼츠 피드' 및 좌우 스와이프로 1초 만에 승/패를 선택하는 '스마트 픽' 제스처 구축.,"신규 유저 첫 예측 참여율 65% 증가, 경기 탐색 시간 70% 단축 및 한 손 스와이프 조작 재미 극대화.",작업대기,"src/views/PredictionMarketView.tsx, src/components/PredictionShortsFeed.tsx, src/components/SwipeToBetCard.tsx"
SCR-07-15,승부 예측 시장 (PredictionMarketView),기획,과금전환,"경기 시작 전 베팅만 가능해 진행 중 전세 역전을 즐길 수 없고, 패색이 짙어질 때 손실 방어 수단이 없어 이탈 발생.",경기 진행 중 초단기 '라이브 인플레이 5분 퀵 예측' 모드 신설 및 패배 위기 시 경기 도중 베팅 원금 일부를 즉시 회수하는 '조기 정산(Cash-Out) 패스(500원)' 연동.,"실시간 경기 시청 중 베팅 참여 빈도 3.2배 증가, 패배 위기 유저 이탈률 40% 방어 및 조기 정산 패스 결제 전환율 6.7% 달성.",작업대기,"src/views/PredictionMarketView.tsx, src/components/InPlayQuickBetModal.tsx, src/views/ShopView.tsx"
SCR-08-13,소환 & 융합 연구소 (FusionLabView),개발,성능,융합 시 3D 마법 유체(Fluid) 시뮬레이션의 CPU 입자 연산 병목으로 20fps 이하 프레임 급락 및 GPU 메모리 스파이크 발생.,유체 시뮬레이션을 WebGL 2.0 Transform Feedback 기반 GPGPU 파이프라인으로 전환하고 핑퐁 버퍼 스왑으로 CPU-GPU 전송을 제로화하여 60fps 무감속 연출 구현.,"융합 연출 시 CPU 점유율 70% 절감, 모바일 발열 35% 감소 및 저사양 스마트폰 60fps 완벽 방어.",작업대기,"src/views/FusionLabView.tsx, src/shaders/FluidSimulationShader.ts, src/lib/GpuParticleBuffer.ts"
SCR-08-14,소환 & 융합 연구소 (FusionLabView),디자인,사용성,"목표 카드 제작에 필요한 조합식을 확인하러 도감을 오가야 하고, 인벤토리에서 재료를 수동 검색해야 하는 화면 전환 피로도 가중.",100dvh 상단에 '목표 카드 연금 레시피 역추적 북' 모달 제공 및 보유 재료를 1초 만에 슬롯으로 자동 소환해 배치하는 '1-Tap 레시피 자동 장착 바텀시트(48px)' 구축.,"목표 카드 제작 탐색/배치 시간 75% 단축(90초 -> 20초), 화면 이탈률 50% 감소 및 레시피 조합 활용도 대폭 향상.",작업대기,"src/views/FusionLabView.tsx, src/components/RecipeReverseTrackerSheet.tsx, src/components/AutoEquipRecipeButton.tsx"
SCR-08-15,소환 & 융합 연구소 (FusionLabView),기획,과금전환,"융합 결과물이 1장만 나와 대박의 짜릿함이 제한적이며, 융합을 지속 즐기는 헤비 유저를 위한 장기 멤버십 및 전용 특권 상품 부재.","대성공 시 5% 확률로 카드가 3장으로 복제되어 쏟아지는 '트리플 크리티컬 잭팟' 연출 도입 및 실패 시 재료 50% 보존/일일 촉매 지급 '월간 연금술 마스터 패스(2,200원)' 연동.","융합 성공 시 도파민 극대화, 코어 융합 유저의 월간 패스 결제 전환율 6.5% 달성 및 카드 순환 회전율 40% 증가.",작업대기,"src/views/FusionLabView.tsx, src/components/TripleJackpotModal.tsx, src/views/ShopView.tsx"
SCR-09-13,길드 & 소셜 하우스 (GuildHouseView),개발,성능,50인 동시 활동 시 중앙 집중식 상태 브로드캐스트로 200~300ms 지연 및 위치 텔레포트(Rubber-banding)와 30fps 저하 발생.,상태 동기화에 경량 CRDT 알고리즘을 도입하고 이동/상호작용 패킷을 델타 압축 바이너리로 P2P 브로드캐스트하여 60fps 부드러운 위치 보간 파이프라인 구축.,"동기화 지연 80% 단축(250ms -> 30ms), 위치 순간이동 현상 100% 제거 및 대규모 길드 이벤트 중 60fps 완전 방어.",작업대기,"src/views/GuildHouseView.tsx, src/lib/GuildCrdtSync.ts, src/lib/EntityInterpolationEngine.ts"
SCR-09-14,길드 & 소셜 하우스 (GuildHouseView),디자인,사용성,길드 아지트 가구/제단 배치 시 100dvh 화면에서 손가락이 가구를 가려 타일 배치가 어렵고 회전 버튼이 작아 오터치 빈번.,"하단 Thumb Zone에 48px 마그네틱 그리드 스냅 조이스틱 및 1-Tap 90도 회전 버튼 탑재, 손가락 위로 배치를 확인하는 '오프셋 터치 프리뷰' 구축.","가구 배치 시간 65% 단축, 모바일 타일 오배치 발생률 85% 감소 및 아지트 꾸미기 편의성 대폭 향상.",작업대기,"src/views/GuildHouseView.tsx, src/components/GuildRoomEditorDock.tsx, src/components/OffsetTouchPreview.tsx"
SCR-09-15,길드 & 소셜 하우스 (GuildHouseView),기획,과금전환,길드 간 경쟁이 단순 레이드 점수 비교에 머물러 단합된 승부욕을 자극하는 실시간 대항전과 승리 후 도파민 폭발 기전 부재.,"주말마다 4개 길드가 거점 점령전을 벌이는 '주간 길드 영지 쟁탈전' 신설 및 최종 승리 시 샴페인 분수가 터지며 전원 재화를 지급하는 '길드 챔피언 축하 샴페인 파티팩(1,500원)' 연동.","주말 길드 접속률 60% 급증, 승리 길드원의 자발적 축하 샴페인 팩 결제 전환율 7.4% 달성 및 길드 소속감/승리 쾌감 극대화.",작업대기,"src/views/GuildHouseView.tsx, src/components/TerritoryWarLobbyModal.tsx, src/views/ShopView.tsx"
SCR-10-13,랭킹 & 명예의 전당 (LeaderboardView),개발,성능,시즌 마감 직전 다량의 점수 역전 시 전체 순위 재정렬로 120ms 이상 UI 프리징 및 순위 점핑 깜빡임 발생.,최근 점수 획득 추세 기반 순위 예측 경량 회귀 모델을 Web Worker로 실행하고 랭킹 포인트를 베지어 곡선으로 보간 렌더링하는 60fps 파이프라인 구축.,"순위 변동 계산 시 메인 스레드 점유율 90% 절감, 순위 점핑 깜빡임 제로화 및 실시간 변동 60fps 부드러운 연출 보장.",작업대기,"src/views/LeaderboardView.tsx, src/workers/RankPredictionWorker.ts, src/lib/RankSmoothInterpolator.ts"
SCR-10-14,랭킹 & 명예의 전당 (LeaderboardView),디자인,사용성,최상위 랭커 외에 내 순위 바로 위아래의 '진짜 경쟁 라이벌' 3인을 한눈에 비교하고 즉시 대전을 신청하는 동선 복잡.,100dvh 중앙에 내 순위 기준 라이벌 3인을 대조하는 '내 리그 라이벌 매치업 카드' 제공 및 카드를 위로 스와이프하면 즉시 대전 매칭으로 직행하는 원터치 제스처 구축.,"라이벌 탐색 및 대전 신청 시간 70% 단축(3단계 -> 1제스처), 중하위권 유저의 랭킹전 참여율 45% 증가.",작업대기,"src/views/LeaderboardView.tsx, src/components/RivalMatchupCard.tsx, src/components/SwipeToChallengeGesture.tsx"
SCR-10-15,랭킹 & 명예의 전당 (LeaderboardView),기획,과금전환,티어 승급 시 일회성 뱃지만 지급되어 승급 순간의 보상감이 부족하고 시즌 말 연패로 인한 티어 강등 시 유저 이탈 발생.,"상위 티어 승급 즉시 100% 당첨 '골든 티어 승급 잭팟 룰렛' 1회 무료 연출 및 시즌 종료까지 연패 강등을 3회 막아주는 '티어 세이프가드 패스(1,200원)' 연동.","티어 승급 순간 도파민 극대화, 티어 강등 위기 유저 이탈률 42% 방어 및 세이프가드 결제 전환율 6.8% 달성.",작업대기,"src/views/LeaderboardView.tsx, src/components/TierPromotionJackpotModal.tsx, src/views/ShopView.tsx"
SCR-11-13,퀘스트 & 업적 센터 (QuestAchievementView),개발,성능,수십 개 퀘스트 카운트다운 타이머가 개별 setInterval로 동작해 1초마다 DOM 리렌더링 발생 및 스크롤 시 25fps 프레임 저하 발생.,타이머 틱을 단일 Web Worker로 통합하고 Canvas 오버레이 및 텍스처 아틀라스 숫자 폰트로 일괄 렌더링하여 DOM 리렌더링을 제로화하는 60fps 파이프라인 구축.,"초단위 타이머 구동 중 CPU 점유율 80% 절감, 스크롤 중 프레임 드랍 제로화 및 60fps 무지연 스크롤 완벽 유지.",작업대기,"src/views/QuestAchievementView.tsx, src/workers/UnifiedTimerWorker.ts, src/components/TimerCanvasOverlay.tsx"
SCR-11-14,퀘스트 & 업적 센터 (QuestAchievementView),디자인,사용성,"선행-후속 연계 퀘스트 진행 관계 파악이 어렵고, 이동 버튼 클릭 시 화면 전환이 딱딱하게 끊겨 모바일 100dvh 몰입도 저하.",두 손가락 핀치 시 연계 퀘스트 트리를 별자리 마인드맵 형태로 조망하는 '퀘스트 컨스텔레이션 맵' 및 목표 콘텐츠로 부드럽게 줌인되는 '워프 트랜지션' 구축.,"퀘스트 선후 관계 인지 시간 65% 단축, 이동 전환 몰입감 대폭 향상 및 연계 미션 완료율 38% 증가.",작업대기,"src/views/QuestAchievementView.tsx, src/components/QuestConstellationMap.tsx, src/components/WarpTransitionOverlay.tsx"
SCR-11-15,퀘스트 & 업적 센터 (QuestAchievementView),기획,과금전환,마일스톤 보상 상자 오픈 시 단순 정적 팝업만 떠서 도파민 쾌감이 부족하고 보상 배수 획득을 자극하는 즉각적 마이크로 과금 장치 결여.,주간 100% 달성 시 10초간 제한 시간 내 손가락 연타로 재화를 주워 담는 '황금 피냐타' 미니게임 도입 및 타격당 재화 3배 '다이아몬드 배트 팩(990원)' 연동.,"주간 퀘스트 완료 성취 만족도 70% 향상, 피냐타 참여율 90% 달성 및 다이아몬드 배트 결제 전환율 6.9% 신규 창출.",작업대기,"src/views/QuestAchievementView.tsx, src/components/GoldenPinataModal.tsx, src/views/ShopView.tsx"
SCR-12-13,환경설정 & 계정/보상 센터 (SettingRewardView),개발,성능,통신망(Wi-Fi/LTE) 전환 시 네트워크 핑 지연으로 재접속 스피너 및 렉이 발생하나 설정에서 진단/노드 변경 수단 부재.,Web Worker 기반 실시간 멀티 CDN 레이턴시 핑 진단기를 탑재하고 네트워크 지연 감지 시 0.1초 만에 최적 게이트웨이로 자동 스왑하는 스마트 라우팅 엔진 구현.,"망 전환 시 패킷 로스/끊김 90% 방지, 평균 네트워크 RTT 55% 단축(120ms -> 35ms) 및 게임 전반 60fps 무지연 안정성 확보.",작업대기,"src/views/SettingRewardView.tsx, src/workers/NetworkLatencyWorker.ts, src/lib/DynamicCdnRouter.ts"
SCR-12-14,환경설정 & 계정/보상 센터 (SettingRewardView),디자인,사용성,기기 크기/손가락 굵기/보호필름 차이로 카드 스와이프 오인식이 발생하나 감도를 조절하고 테스트할 UI 부재.,"100dvh 화면에서 직접 조작하며 스와이프 민감도, 롱프레스 인식 시간, 햅틱 세기를 즉시 테스트/조율하는 '인터랙티브 터치 캘리브레이션 패드' 구축.","모바일 터치 오인식 불만 80% 감소, 조작 실패로 인한 게임 패배 방지 및 개인 맞춤형 터치 조작 만족도 대폭 향상.",작업대기,"src/views/SettingRewardView.tsx, src/components/TouchCalibrationPad.tsx, src/lib/GestureSensitivityManager.ts"
SCR-12-15,환경설정 & 계정/보상 센터 (SettingRewardView),기획,과금전환,"계정 센터 방문 시 단순 정보 확인 외 지속 방문 동기가 부족하고, 장기 누적 플레이 유저의 충성도에 보답하는 특별 보상 기전 결여.","누적 로그인/레벨에 따라 잠금 해제되는 '계정 비밀 금고(Secret Vault)' 신설 및 한정 3D 아바타/선택권 90% 특가 획득 '마스터 키 팩(1,900원)' 타임딜 연동.","장기 유저의 계정 센터 월간 방문율 65% 증가, 시크릿 볼트 열쇠 패키지 결제 전환율 7.3% 달성 및 록인 효과 극대화.",작업대기,"src/views/SettingRewardView.tsx, src/components/SecretVaultModal.tsx, src/views/ShopView.tsx"
SCR-01-16,메인 로비 & 홈 (HomeView),개발,성능,대용량 한글 게임 폰트 다운로드 지연으로 FOIT 텍스트 깜빡임 발생 및 폰트 로드 시 너비 변화로 CLS(>0.15)와 50ms 렌더 렉 발생.,인라인 WOFF2 유니코드 서브셋 폰트 사전 로딩 및 font-display: optional과 size-adjust 매트릭스 매칭으로 레이아웃 흔들림(CLS 0.000)을 차단하는 60fps 엔진 구축.,"첫 진입 텍스트 렌더링 시간 75% 단축(800ms -> 120ms), CLS 수치 0 달성 및 모바일 초기 체감 품질 극대화.",작업대기,"src/views/HomeView.tsx, src/theme/FontSubsetting.css, vite.config.ts"
SCR-01-17,메인 로비 & 홈 (HomeView),디자인,사용성,접속 중인 친구/길드원을 확인하고 배틀/레이드를 하려면 소셜 메뉴로 이동해야 해 협동 진입 동선이 길고 즉시성 부족.,로비 우측 가장자리에 실시간 접속 친구 미니 아바타가 떠다니는 '플로팅 소셜 버블(44px)' 구축 및 버블을 배틀 버튼으로 드래그 시 즉시 파티 초대가 발송되는 원핸드 UX 구축.,"파티 결성 소요 시간 70% 단축(3단계 화면 이동 -> 1드래그), 소셜 플레이 유저 활성도 45% 증가.",작업대기,"src/views/HomeView.tsx, src/components/FloatingSocialBubbles.tsx, src/components/DragToInviteGesture.tsx"
SCR-01-18,메인 로비 & 홈 (HomeView),기획,과금전환,유저의 현실 기상 환경(비/눈)과의 상호작용 요소가 없어 단절감이 느껴지며 기상 변화에 맞춘 감성적 타임 세일 장치 부재.,현지 기상 API 연동으로 비/눈 올 때 로비에 빗소리/눈꽃 파티클과 함께 '감성 우천 핫타임(골드 +30%)' 발동 및 비 오는 날 한정 70% 특가 '레인 드롭 스킨 팩(990원)' 연동.,"악천후 시 모바일 유저 접속률 35% 상승, 날씨 연동 감성 패키지 결제 전환율 6.8% 달성 및 현실-가상 융합 몰입도 극대화.",작업대기,"src/views/HomeView.tsx, src/components/WeatherAtmosphereEffect.tsx, src/views/ShopView.tsx"
SCR-02-16,배틀 아레나 (PlayGameView),개발,성능,전화 수신/알림 확인 등 1~2초 백그라운드 전환 후 복귀 시 타이머 중단으로 1초 이상 화면 프리징 및 패킷 폭풍 끊김 발생.,턴 동기화를 WASM 고정 틱 파이프라인으로 이관하고 지연 이벤트를 0ms 내에 쾌속 압축 재생(Fast-Forward)하는 60fps 무지연 복구 엔진 구축.,"앱 전환 후 배틀 복귀 프리징 제로화, 네트워크 재동기화 실패율 95% 방어 및 60fps 무지연 전투 연속성 유지.",작업대기,"src/views/PlayGameView.tsx, src/wasm/TurnSyncEngine.wasm, src/lib/FastForwardCatchup.ts"
SCR-02-17,배틀 아레나 (PlayGameView),디자인,사용성,"카드 발동 전 예상 데미지 계산이 어려워 제한 시간 내 암산 피로도가 높고, 우측 상단 턴 종료 버튼이 멀어 한 손 조작 불편.",카드 홀드 즉시 적 체력에 예상 감쇄량을 보여주는 '스마트 데미지 고스트 게이지' 및 하단 Thumb Zone에 엄지 스와이프로 턴을 넘기는 '원핸드 턴 종료 바(48px)' 구축.,"턴당 카드 계산 시간 50% 단축(25초 -> 12초), 턴 종료 오터치 90% 방지 및 한 손 배틀 쾌적성 극대화.",작업대기,"src/views/PlayGameView.tsx, src/components/GhostDamageCalculator.tsx, src/components/SwipeEndTurnBar.tsx"
SCR-02-18,배틀 아레나 (PlayGameView),기획,과금전환,한 턴에 카드를 3장 이상 연속 사용하는 콤보 플레이 시에도 개별 연출만 재생되어 연속 공격의 리드미컬한 쾌감(도파민) 결여.,연속 발동 시 테두리가 불타오르며 배수가 증가하는 '배틀 피버 콤보 시스템' 신설 및 5연타 달성 시 마지막 공격력 2배 '마나 과충전 콤보 젬(400원)' 연동.,"콤보 성공 시 도파민 피크 극대화, 배틀 중 콤보 젬 결제 전환율 6.4% 달성 및 한 턴 역전 몰입감 강화.",작업대기,"src/views/PlayGameView.tsx, src/components/BattleComboFeverOverlay.tsx, src/views/ShopView.tsx"
SCR-03-16,마이덱 & 카드 관리 (MyDeckView),개발,성능,500장 이상 일러스트 초고속 스크롤 시 메인 스레드 디코딩 병목으로 120ms 정체 및 VRAM 300MB 치솟아 브라우저 크래시 발생.,createImageBitmap 및 Worker 기반 비동기 하드웨어 디코딩을 구축하고 뷰포트 밖 텍스처를 50ms 내 VRAM에서 언바인드하는 동적 재활용 풀 구현.,"초고속 스크롤 시 VRAM 65% 절감(320MB -> 110MB), 스크롤 프레임 드랍 제로화 및 모바일 브라우저 크래시 100% 방지.",작업대기,"src/views/MyDeckView.tsx, src/workers/ImageDecoderWorker.ts, src/lib/GpuVramManager.ts"
SCR-03-17,마이덱 & 카드 관리 (MyDeckView),디자인,사용성,현재 메타 강적 덱에 대응하는 카운터 덱을 짤 때 상성을 일일이 계산해야 해 100dvh 환경에서 덱 편성 진입 장벽 존재.,100dvh 하단에 최근 패배 덱을 분석해 내 인벤토리 기준 최적 카운터 카드를 1초 만에 꽂아주는 '1-Tap AI 카운터 빌더 바텀시트(48px)' 및 덱 퀵 클론 버튼 구축.,"카운터 덱 편성 시간 70% 단축(5분 -> 1.5분), 초중급 유저 상성 대응 승률 35% 개선 및 덱 실험 편의성 극대화.",작업대기,"src/views/MyDeckView.tsx, src/components/AiCounterDeckSheet.tsx, src/components/QuickDeckCloneButton.tsx"
SCR-03-18,마이덱 & 카드 관리 (MyDeckView),기획,과금전환,동일 카드 5장 풀돌파 최고 레벨 도달 시에도 단순 수치만 상승해 최종 성장 단계에서의 감성적 만족감과 육성 종결 성취감 부족.,"5성 풀돌파 시 숨 쉬고 움직이는 '풀 애니메이션 Live2D 초월 각성 일러스트' 및 전용 음성 해금 및 달성 즉시 '초월 기념 축하 패키지(1,200원)' 플래시 세일 연동.","중복 카드 수집 및 한계돌파 욕구 60% 증가, 초월 달성 후 축하 패키지 결제 전환율 7.1% 달성 및 카드 애착도 극대화.",작업대기,"src/views/MyDeckView.tsx, src/components/AwakeningLive2DViewer.tsx, src/views/ShopView.tsx"
SCR-04-16,상점 & 가챠 (ShopView),개발,성능,10연속 소환 직후 10장 카드의 공중 분산 및 물리 회전 시 CPU 연산 병목으로 25fps 이하 프레임 드랍 및 화면 튐 발생.,카드 충돌 및 회전 물리 연산을 Web Worker 기반 Verlet 적분 루프로 분리하고 WebGL 인스턴스 셰이더 단일 드로우 콜로 60fps 무감속 리얼 물리 연출 구현.,"카드 개봉 물리 연출 중 60fps 완벽 방어, 메인 스레드 부하 85% 절감 및 모바일 발열 30% 감소.",작업대기,"src/views/ShopView.tsx, src/workers/CardPhysicsVerletWorker.ts, src/components/GachaPhysicsScatterCanvas.tsx"
SCR-04-17,상점 & 가챠 (ShopView),디자인,사용성,"10장 카드를 일일이 탭해 뒤집는 조작이 피로하고, 단순 버튼식 '모두 열기'는 연출 감동 없이 그리드로 전환되어 허탈감 유발.",두 손가락 핀치 아웃 제스처 시 10장의 카드가 일제히 빛나며 뒤집히는 '인터랙티브 핀치 플립' 연출 및 원하는 카드를 즉시 덱으로 보내는 48px '원터치 킵 바텀시트' 구축.,"결과 확인 시간 50% 단축, 핀치 제스처 개봉 손맛 만족도 70% 향상 및 덱 장착 동선 간소화.",작업대기,"src/views/ShopView.tsx, src/components/PinchFlipCardScatter.tsx, src/components/QuickKeepBottomSheet.tsx"
SCR-04-18,상점 & 가챠 (ShopView),기획,과금전환,유저 개인의 소환 시도가 고립된 개인 행위로 끝나 전 서버적인 축제 분위기나 소셜 기대감 형성 부족.,"전 서버 소환 누적 시 차오르는 '황금 알 게이지' 100% 충전 시 1시간 무료 소환 및 확률 2배 피버 타임 발동, 피버 전용 '황금 알 폭발 특가팩(1,500원)' 연동.","상점 동시 접속자 수 2.8배 급증, 피버 타임 발생 시 분당 결제액 4배 상승 및 특가 패키지 결제 전환율 7.2% 달성.",작업대기,"src/views/ShopView.tsx, src/components/GoldenEggFestivalModal.tsx, src/views/ShopView.tsx"
SCR-05-16,카드 마켓플레이스 (CardMarketplaceView),개발,성능,초당 수백 건의 호가 변동 및 체결 틱 유입 시 React Props 오버헤드로 메인 스레드 80ms 블로킹 및 스크롤 버벅임 발생.,호가창 및 체결 티커를 Canvas 2D WebGL 하이브리드 엔진으로 분리하고 SharedArrayBuffer 기반 제로 카피 큐로 동기화하여 60fps 무감속 렌더링 구현.,"초고속 호가 변동 시 메인 스레드 CPU 부하 75% 절감, 스크롤 프레임 드랍 제로화 및 모바일 기기 발열 35% 감소.",작업대기,"src/views/CardMarketplaceView.tsx, src/components/OrderBookHybridCanvas.tsx, src/lib/SharedArrayBufferQueue.ts"
SCR-05-17,카드 마켓플레이스 (CardMarketplaceView),디자인,사용성,중복 카드 판매 시 시장 최저가를 일일이 조회하고 한 장씩 출품해야 해 100dvh 화면에서 출품 동선이 길고 가격 책정 피로도 누적.,상단에 내 인벤토리 총 가치를 실시간 시세로 환산하는 '포트폴리오 트래커 HUD' 제공 및 중복 카드를 최저가 -1%로 즉시 등록하는 '1-Tap 스마트 일괄 출품 바텀시트(48px)' 구축.,"카드 다량 출품 소요 시간 80% 단축(5분 -> 1분), 마켓 매물 등록 활성화율 50% 증가 및 출품 실수 방지.",작업대기,"src/views/CardMarketplaceView.tsx, src/components/PortfolioValueTrackerHUD.tsx, src/components/QuickBatchListingSheet.tsx"
SCR-05-18,카드 마켓플레이스 (CardMarketplaceView),기획,과금전환,고가치 카드를 매각하지 않고 급하게 재화를 마련하고 싶은 유저를 위한 단기 유동성 금융 기전 부재.,SSR 카드를 맡기고 시세의 70%를 즉시 대출받는 '카드 폰샵(전당포)' 신설 및 상환 기한 마감 시 담보 카드를 안전 회수하는 '긴급 담보 보호 리파이낸싱 패키지(990원)' 연동.,"유저 인게임 자금 회전율 45% 상승, 긴급 자금 필요 유저의 폰샵 패키지 결제 전환율 6.8% 달성 및 카드 보존 만족도 극대화.",작업대기,"src/views/CardMarketplaceView.tsx, src/components/CardPawnShopModal.tsx, src/views/ShopView.tsx"
SCR-06-16,가상 주식 거래소 (StockMarketView),개발,성능,50개 이상 종목 리스트의 미니 차트가 개별 Canvas/SVG로 그려질 때 50회 이상 드로우 콜 및 DOM 리페인트로 25fps 이하 스크롤 렉 발생.,"전 종목 시세를 단일 2D 텍스처 아틀라스로 16.6ms 주기로 묶어 베이킹하고, WebGL 인스턴스 렌더링으로 1회 단일 드로우 콜 일괄 출력 파이프라인 구축.","종목 목록 동시 렌더링 시 드로우 콜 98% 절감(50회 -> 1회), 메모리 60% 절감 및 모바일 60fps 무지연 스크롤 완벽 유지.",작업대기,"src/views/StockMarketView.tsx, src/components/MultiStockAtlasCanvas.tsx, src/lib/StockTextureBaker.ts"
SCR-06-17,가상 주식 거래소 (StockMarketView),디자인,사용성,100dvh 작은 차트에서 OHLC 정밀 조회 및 목표 알림가 지정 시 손가락에 시야가 가려져 조준이 어긋나고 수동 타이핑 번거로움.,캔들 피크에 십자선이 자석처럼 붙는 '마그네틱 스냅 크로스헤어' 및 십자선 핀을 위아래로 끌어다 놓아 즉시 알림/주문을 등록하는 '드래그-앤-셋(48px)' 구축.,"차트 조회 및 알림 등록 시간 65% 단축(30초 -> 10초), 터치 오조준율 85% 감소 및 모바일 차트 조작 만족도 극대화.",작업대기,"src/views/StockMarketView.tsx, src/components/MagneticCrosshairOverlay.tsx, src/components/DragAlertPriceSetter.tsx"
SCR-06-18,가상 주식 거래소 (StockMarketView),기획,과금전환,현물 등락폭(+30%~-30%)만으로는 고위험 고수익을 선호하는 헤비 트레이더 유저의 스릴과 폭발적 수익 도파민 충족 한계.,"상승/하락에 3배 베팅하는 '3X 불(Bull) & 베어(Bear) 토큰' 가상 파생상품 신설 및 청산 위기 시 24시간 포지션을 동결하는 '마진콜 프로텍션 실드(1,500원)' 연동.","헤비 트레이더 거래량 3.5배 급증, 거래소 체류 시간 60% 상승 및 마진콜 실드 결제 전환율 7.1% 달성.",작업대기,"src/views/StockMarketView.tsx, src/components/LeverageTokenTradeModal.tsx, src/views/ShopView.tsx"
SCR-07-16,승부 예측 시장 (PredictionMarketView),개발,성능,빅매치 실시간 응원 메시지 폭증 시 DOM 노드 누적으로 120ms 이상 Layout Thrashing 및 20fps 이하 프레임 급락 발생.,채팅 피드를 고성능 2D Canvas 오버레이 티커로 전환하고 화면 밖 텍스처를 16.6ms 내에 즉각 메모리에서 비우는 '자동 디스포저블 캐시 풀' 구축.,"응원 채팅 폭증 시에도 60fps 프레임 100% 방어, DOM 노드 수 90% 절감 및 모바일 발열 35% 감소.",작업대기,"src/views/PredictionMarketView.tsx, src/components/LiveChatCanvasOverlay.tsx, src/lib/ChatTextureDisposablePool.ts"
SCR-07-17,승부 예측 시장 (PredictionMarketView),디자인,사용성,"시간대별 승률/배당률 변화 대조가 어렵고, 여러 베팅 항목(승리, 첫 킬 등) 동시 복합 베팅 시 조작 동선 분산 발생.",엄지 드래그로 중요 사건과 승률 변화를 탐색하는 '인터랙티브 타임라인 스크러버' 및 복수 항목에 금액을 한 번에 배분하는 '1-Tap 멀티 베팅 스플릿 슬라이더(48px)' 구축.,"경기 흐름 파악 및 복합 베팅 소요 시간 60% 단축, 모바일 타임라인 탐색 만족도 55% 향상.",작업대기,"src/views/PredictionMarketView.tsx, src/components/MatchTimelineScrubber.tsx, src/components/MultiBetSplitSlider.tsx"
SCR-07-18,승부 예측 시장 (PredictionMarketView),기획,과금전환,적중률 높은 베테랑 유저의 인사이트가 휘발되어 유료화 기회가 부재하고 초보 유저는 베팅 판단에 막막함을 느낌.,"적중률 80% 이상 상위 1% 구루의 픽을 열람하고 자동 미러 베팅하는 '구루 VIP 인사이트 패스(1,200원)' 및 수수료 공유 크리에이터 이코노미 구축.","초보 유저 예측 참여 지속률 55% 상승, 구루 픽 구독 패스 결제 전환율 7.2% 달성 및 상위 유저 록인 극대화.",작업대기,"src/views/PredictionMarketView.tsx, src/components/GuruInsightsModal.tsx, src/views/ShopView.tsx"
SCR-08-16,소환 & 융합 연구소 (FusionLabView),개발,성능,수천 개 룬 문자/스파크 파티클의 비선형 궤적 연산이 메인 스레드에서 실행되어 80ms 이상 CPU 스파이크 및 20fps 저하 발생.,파티클 물리 궤적 계산을 WASM SIMD 가속 Web Worker로 격리하고 WebGL 인스턴스 텍스처 버퍼에 다이렉트 매핑하여 60fps 무감속 파이프라인 구축.,"융합 연출 시 CPU 점유율 75% 절감, 파티클 연출 중 60fps 유지율 99.5% 확보 및 기기 발열 대폭 완화.",작업대기,"src/views/FusionLabView.tsx, src/workers/ParticleSimdWorker.ts, src/components/MagicCircleCanvas.tsx"
SCR-08-17,소환 & 융합 연구소 (FusionLabView),디자인,사용성,"단순 버튼식 융합은 카드가 합쳐지는 물리적 결합 손맛이 부족하고, 동일 조건 연속 융합 시 재료를 다시 올려야 하는 번거로움 발생.",양손 엄지로 재료 카드를 중앙으로 충돌시키는 '스매시(Smash) 제스처' 햅틱 융합 인터랙션 및 동일 등급 재료를 1초 만에 채우는 '1-Tap 재시도 독(48px)' 구축.,"융합 조작의 몰입 손맛 65% 향상, 연속 융합 조작 시간 60% 단축(30초 -> 12초).",작업대기,"src/views/FusionLabView.tsx, src/components/CardSmashGestureTrigger.tsx, src/components/QuickRetryFusionDock.tsx"
SCR-08-18,소환 & 융합 연구소 (FusionLabView),기획,과금전환,1회 융합 후 결과 카드가 아쉬워도 이를 활용해 즉시 상위 등급으로 도약하는 연쇄 베팅(하이리스크 하이리턴) 기전 부재.,성공 직후 결과 카드를 걸고 50% 확률로 상위 등급으로 진화시키는 '더블 오어 낫싱(Double or Nothing)' 룰렛 연동 및 실패 시 원상 복구하는 '안심 보험 젬(800원)' 연계.,"융합 직후 연쇄 도전율 45% 달성, 실패 방어 보험 젬 결제 전환율 6.8% 신규 창출 및 최고조의 도파민 긴장감 제공.",작업대기,"src/views/FusionLabView.tsx, src/components/DoubleOrNothingModal.tsx, src/views/ShopView.tsx"
SCR-09-16,길드 & 소셜 하우스 (GuildHouseView),개발,성능,레이드 승리 시 50인 길드원의 실시간 이모티콘/폭죽 난사로 DOM 노드 폭증 및 100ms 이상 렉과 15fps 저하 발생.,이모지 파티클을 단일 WebGL/Canvas 오버레이로 전환하고 수천 개 파티클 충돌/물리를 WASM SIMD 배치 파이프라인으로 연산하여 60fps 무감속 연출 구현.,"대규모 이모지 연타 시 메인 스레드 락 제로화, 60fps 완전 유지 및 모바일 기기 발열 40% 감소.",작업대기,"src/views/GuildHouseView.tsx, src/wasm/ParticleBurstEngine.wasm, src/components/GuildEmojiBurstCanvas.tsx"
SCR-09-17,길드 & 소셜 하우스 (GuildHouseView),디자인,사용성,로비 길드원 아바타 중첩 시 타겟팅이 어렵고 1:1 대화/친선전/선물 메뉴 진입까지 여러 번 탭해야 하는 조작 피로도 존재.,아바타 터치 시 4개 퀵 액션이 원형으로 펼쳐지는 '스마트 인터랙션 링(48px)' 및 겹친 유저를 방사형으로 펼쳐 보여주는 '아바타 디스퍼절 포커스 UX' 구축.,"길드원 상호작용 소요 시간 60% 단축, 아바타 오선택률 85% 감소 및 모바일 한 손 친목 만족도 대폭 향상.",작업대기,"src/views/GuildHouseView.tsx, src/components/SmartInteractionRing.tsx, src/components/AvatarDispersalController.tsx"
SCR-09-18,길드 & 소셜 하우스 (GuildHouseView),기획,과금전환,길드원이 모여도 함께 즐길 수 있는 공동 소환 콘텐츠가 없어 로비 몰입도가 떨어지고 길드 차원의 과금 시너지 부재.,"길드원 5명이 마법진에 모여 에너지를 투입해 최고 등급 SSR을 확정 연성하는 '길드 릴레이 합동 소환식' 신설 및 '길드 합동 연성 비약 패키지(1,500원)' 연동.","길드 합동 소환 참여율 50% 달성, 길드 패키지 결제 전환율 6.9% 신규 창출 및 길드 유대감/도파민 극대화.",작업대기,"src/views/GuildHouseView.tsx, src/components/GuildRelayGachaModal.tsx, src/views/ShopView.tsx"
SCR-10-16,랭킹 & 명예의 전당 (LeaderboardView),개발,성능,랭킹 고속 스크롤 시 수천 명의 커스텀 아바타/테두리 디코딩 병목으로 100ms 이상 버벅임 및 25fps 이하 프레임 저하 발생.,아바타 디코딩을 ImageBitmap 비동기 워커로 오프로딩하고 상하 20개 항목을 메모리에 상주시키는 LRU 텍스처 프리로딩 풀을 구축하여 60fps 무감속 스크롤 파이프라인 구현.,"무한 스크롤 시 프레임 유지율 99.8% 달성, 메인 스레드 부하 80% 절감 및 모바일 메모리 스파이크 차단.",작업대기,"src/views/LeaderboardView.tsx, src/workers/AvatarDecodeWorker.ts, src/lib/RankingTexturePool.ts"
SCR-10-17,랭킹 & 명예의 전당 (LeaderboardView),디자인,사용성,상위 랭커들의 승리 배틀 리플레이를 보려면 별도 메뉴로 이동해야 해 동선이 단절되고 경기 핵심 킬 장면 탐색 곤란.,랭킹 항목 우측 스와이프 시 미니 플레이어가 열리는 '1-Tap 리플레이 팝오버' 및 역전 순간을 슬로우모션으로 돌려보는 '인터랙티브 리플레이 스크러버(48px)' 구축.,"랭커 관전 및 연구 접근 시간 70% 단축(4단계 -> 1스와이프), 모바일 관전 몰입도 및 메타 학습 만족도 50% 향상.",작업대기,"src/views/LeaderboardView.tsx, src/components/QuickReplaySheet.tsx, src/components/ReplayScrubberSlider.tsx"
SCR-10-18,랭킹 & 명예의 전당 (LeaderboardView),기획,과금전환,시즌 종료 시점에 상위 1~3위 랭커들이 독보적 업적을 전 서버에 각인하고 과시할 수 있는 상징적 럭셔리 명예 아이템 부재.,"시즌 종료 3일 전 TOP 10 랭커 독점 '시즌 챔피언 월계관 프로필 오라' 경매 신설 및 상위 100위 전용 70% 할인 '그랜드마스터 홀로그램 명예 팩(2,900원)' 연동.","최상위 랭커 간 명예 경쟁 과금 폭발, 시즌 마감 직전 랭커 패키지 결제 전환율 7.5% 달성 및 전 서버 화제성 극대화.",작업대기,"src/views/LeaderboardView.tsx, src/components/ChampionCrownAuctionModal.tsx, src/views/ShopView.tsx"
SCR-11-16,퀘스트 & 업적 센터 (QuestAchievementView),개발,성능,네트워크 불안정 시 보상 수령 버튼 연타로 중복 요청 에러 발생 및 서버 응답 대기(300ms) 동안 수령 상태 미반영 딜레이 발생.,"UUID 멱등성 키 트랜잭션 큐로 중복 요청을 차단하고, 터치 즉시 상태를 선반영(Optimistic Claim)한 뒤 백그라운드 대사하는 60fps 무지연 보상 엔진 구현.","보상 수령 체감 레이턴시 0ms 달성, 네트워크 불안정 시 중복 오류 100% 방지 및 무지연 파티클 연출 직결.",작업대기,"src/views/QuestAchievementView.tsx, src/lib/IdempotentClaimQueue.ts, src/lib/OptimisticRewardManager.ts"
SCR-11-17,퀘스트 & 업적 센터 (QuestAchievementView),디자인,사용성,어떤 퀘스트가 완료 직전인지 한눈에 보기 어렵고 스크롤을 길게 내려야 달성 임박 퀘스트를 찾을 수 있어 100dvh에서 선별 피로도 가중.,100dvh 상단에 '달성 임박순(80% 이상 우선) / 보상 가치순' 원터치 정렬 퀵 필터 칩(44px) 배치 및 카드 좌측에 실시간 잔여 진척도를 보여주는 마이크로 도넛 링 구축.,"달성 임박 퀘스트 탐색 시간 70% 단축(25초 -> 7초), 퀘스트 목표 명확화로 일일 미션 달성 완료율 40% 증가.",작업대기,"src/views/QuestAchievementView.tsx, src/components/QuestPriorityFilterBar.tsx, src/components/MicroDonutProgressRing.tsx"
SCR-11-18,퀘스트 & 업적 센터 (QuestAchievementView),기획,과금전환,장기 누적 업적 달성 시 단순 칭호 하나만 지급되어 엔드 콘텐츠급 업적 달성 코어 유저의 성취감과 지속 동기부여 약화.,"상위 업적 달성 시 게임 여정이 3D 스토리북으로 펼쳐지는 '영웅의 연대기' 시네마틱 해금 및 상위 5% 독점 '업적 마스터 골든 트로피 패키지(2,500원)' 연동.","코어 유저 엔드게임 업적 달성 몰입도 55% 증가, 고난도 업적 달성 후 한정 패키지 결제 전환율 7.4% 달성 및 자긍심 극대화.",작업대기,"src/views/QuestAchievementView.tsx, src/components/HeroChronicleStorybook.tsx, src/views/ShopView.tsx"
SCR-12-16,환경설정 & 계정/보상 센터 (SettingRewardView),개발,성능,언어 변경 시 수 MB의 다국어 JSON을 일시에 파싱하고 전체 리액트 트리를 리렌더링하여 150ms 이상 화면 프리징 발생.,i18n 리소스를 뷰 단위로 청크 분할하고 ETag 기반 로컬 스토리지 캐싱을 적용하여 변경된 뷰의 텍스트 노드만 단일 프레임 내 마이크로 스왑하는 60fps 엔진 구축.,"언어 변경 시 화면 전환 렉 제로화(150ms -> 10ms), 초기 번들 크기 70% 절감 및 글로벌 다국어 유저 이탈 방지.",작업대기,"src/views/SettingRewardView.tsx, src/i18n/LanguageChunkLoader.ts, src/lib/I18nCacheManager.ts"
SCR-12-17,환경설정 & 계정/보상 센터 (SettingRewardView),디자인,사용성,스마트폰과 PC/태블릿 간 기기 전환 시 매번 아이디/비밀번호 타이핑 및 2차 인증으로 100dvh 화면에서 로그인 피로도 가중.,100dvh 하단에 '1-Tap 기기 연동 QR 코드 생성/스캐너' 바텀시트(48px)를 구축하여 화면을 비추면 0.1초 만에 계정 세션이 연동되는 인스턴트 핸드오프 UX 구현.,"기기 변경 로그인 시간 85% 단축(40초 -> 3초), 키보드 타이핑 오류 제로화 및 멀티 디바이스 만족도 극대화.",작업대기,"src/views/SettingRewardView.tsx, src/components/QrCodeHandoffModal.tsx, src/lib/DeviceHandoffManager.ts"
SCR-12-18,환경설정 & 계정/보상 센터 (SettingRewardView),기획,과금전환,"설정 내 '크레딧' 탭이 정적 텍스트에 불과해 열람 유인이 없고, 열성 유저가 게임 역사에 이름을 남길 수 있는 명예 후원 모델 부재.","닉네임과 대표 카드가 별자리로 반짝이는 '3D 인터랙티브 엔드 크레딧' 신설 및 크레딧 영구 등재와 골든 테두리를 주는 '파운더스 후원자 명예 패키지(3,300원)' 연동.","크레딧 탭 방문율 4배 증가, 팬덤의 자발적 개발 후원 결제 전환율 6.8% 달성 및 유저-개발사 유대감 극대화.",작업대기,"src/views/SettingRewardView.tsx, src/components/InteractiveCreditsRoll.tsx, src/views/ShopView.tsx"
SCR-01-19,메인 로비 & 홈 (HomeView),개발,성능,로비 진입 시 대용량 BGM(10MB) 일시 다운로드로 대역폭 점유 및 화면 전환 시 오디오 버퍼 락으로 50ms 프레임 저하 발생.,BGM을 2초 청크 단위로 스트리밍하는 AudioWorklet 스트리머를 구현하고 씬 전환 시 이퀄 파워 볼륨 크로스페이드를 적용하는 무중단 60fps 파이프라인 구축.,"BGM 초기 로딩 트래픽 80% 절감, 화면 전환 시 오디오 끊김/프레임 튐 제로화 및 모바일 메모리 45MB 절약.",작업대기,"src/views/HomeView.tsx, src/workers/AudioStreamWorklet.ts, src/lib/BgmCrossfadeManager.ts"
SCR-01-20,메인 로비 & 홈 (HomeView),디자인,사용성,12개 이상 화면과 방대한 콘텐츠(카드/주식 등) 탐색을 위해 여러 탭을 오가는 모바일 네비게이션 피로도 발생.,100dvh 하단 스와이프 업 시 열리는 스포트라이트 '스마트 퀵 커맨드 런처(48px)' 구축 및 키워드 1글자 입력 시 즉시 딥링크 이동 원터치 UX 구현.,"목표 콘텐츠 이동 시간 75% 단축(15초 -> 3.5초), 모바일 공간 활용성 극대화 및 탐색 스트레스 제로화.",작업대기,"src/views/HomeView.tsx, src/components/QuickCommandLauncher.tsx, src/lib/DeepLinkRouter.ts"
SCR-01-21,메인 로비 & 홈 (HomeView),기획,과금전환,대표 캐릭터와의 인터랙션이 단순 대사 출력에 그쳐 지속적 애착 형성이 어렵고 감성 중심 유저층을 위한 과금 모델 부재.,"호감도 레벨 상승 시 전용 스토리와 일러스트가 해금되는 '비밀 데이트 에피소드' 시스템 도입 및 호감도 2배 '달콤 선물 박스(1,200원)' 타임딜 연동.","캐릭터 애착 유저의 일일 로비 체류 시간 45% 증가, 감성 선물 패키지 결제 전환율 6.7% 신규 달성 및 IP 파워 강화.",작업대기,"src/views/HomeView.tsx, src/components/SecretDateEpisodeModal.tsx, src/views/ShopView.tsx"
SCR-02-19,배틀 아레나 (PlayGameView),개발,성능,필드에 10장 이상 카드와 오라/룬/데미지 숫자 중첩 시 드로우 콜 60회 이상 발생으로 30fps 저하 및 발열 유발.,WebGL 2.0 Multi-Draw Indirect 스타일 GPU 인스턴스 배열 버퍼 파이프라인을 구축하여 전장의 모든 요소를 단일 드로우 콜로 디스패치하는 60fps 엔진 구현.,"배틀 중 드로우 콜 95% 절감(60회 -> 2회), CPU 드라이버 부하 80% 감소 및 스킬 난사 시에도 60fps 완벽 방어.",작업대기,"src/views/PlayGameView.tsx, src/shaders/MultiDrawIndirectShader.ts, src/lib/BattleGpuBatcher.ts"
SCR-02-20,배틀 아레나 (PlayGameView),디자인,사용성,손패 카드가 드로우 순서로만 고정되어 콤보 카드를 모아보거나 정렬할 수 없어 100dvh 화면에서 턴 시간 내 조작 혼란 발생.,손패 카드를 길게 눌러 좌우로 자유롭게 위치를 바꾸는 '핸드 드래그 리오더링' 및 손패 좌측 '마나순/공격력순 원터치 자동 정렬 칩(44px)' 구축.,"콤보 카드 탐색 시간 60% 단축(8초 -> 3초), 긴박한 상황에서 카드 발동 실수 85% 차단 및 손패 조작감 대폭 향상.",작업대기,"src/views/PlayGameView.tsx, src/components/HandCardReorder.tsx, src/components/HandSortFilterChips.tsx"
SCR-02-21,배틀 아레나 (PlayGameView),기획,과금전환,다음 턴 패배가 확정된 벼랑 끝 상황에서 유저가 역전의 실마리를 찾지 못하고 허무하게 항복/이탈하는 심리적 붕괴 발생.,치명타 피격 시 1턴간 체력 1로 생존하고 마나를 완충해 역전 기회를 주는 '서든데스 챌린지' 및 공격력 1.5배 '결사 각성 앰플(600원)' 연동.,"패배 직전 항복 이탈률 50% 방어, 극적인 1HP 역전승 달성 시 전율의 도파민 제공 및 각성 앰플 결제 전환율 6.9% 달성.",작업대기,"src/views/PlayGameView.tsx, src/components/SuddenDeathChallengeModal.tsx, src/views/ShopView.tsx"
SCR-03-19,마이덱 & 카드 관리 (MyDeckView),개발,성능,카드 덱 배치 시 코스트/중복/속성 룰을 배열 순회 검사하여 잦은 임시 객체 생성 및 GC 스파이크(35ms)와 프레임 저하 발생.,카드 스펙을 64비트 정수형 비트마스크(Bitmask)로 인코딩하고 1 CPU 사이클 비트 연산으로 덱 유효성을 O(1) 검증하는 제로-GC 파이프라인 구현.,"유효성 검사 시간 98% 단축(35ms -> 0.2ms), 덱 편집 중 메모리 할당 제로화 및 60fps 무감속 드래그앤드롭 보장.",작업대기,"src/views/MyDeckView.tsx, src/lib/BitmaskDeckValidator.ts, src/lib/CardBitmaskEncoder.ts"
SCR-03-20,마이덱 & 카드 관리 (MyDeckView),디자인,사용성,분해/잠금할 여러 카드를 일일이 낱개 탭해야 해 100dvh 화면에서 수십 번의 반복 터치 피로도 극심.,손가락으로 영역을 둘러싸면 카드가 한 번에 선택되는 '라쏘(Lasso) 올가미 터치 제스처' 및 일괄 잠금/분해를 실행하는 '플로팅 액션 바(48px)' 구축.,"다중 카드 선택/관리 소요 시간 75% 단축(40초 -> 10초), 반복 탭 피로도 해소 및 한 손 제스처 만족도 극대화.",작업대기,"src/views/MyDeckView.tsx, src/components/LassoSelectionOverlay.tsx, src/components/BatchCardActionBar.tsx"
SCR-03-21,마이덱 & 카드 관리 (MyDeckView),기획,과금전환,카드의 기본 성장(레벨업/돌파) 완료 후 추가 커스텀 육성 루트가 닫혀 있어 코어 유저의 심화 빌드 다양화 부재.,"카드에 최대 3개 소켓을 뚫어 특수 패시브 룬을 장착하는 '신화 룬 소켓 각인' 시스템 신설 및 소켓 100% 확장 '황금 대장간 망치 팩(1,500원)' 연동.","엔드스펙 카드 커스텀 빌드 연구율 50% 증가, 룬 소켓 확장 팩 결제 전환율 6.8% 달성 및 육성 다양성 극대화.",작업대기,"src/views/MyDeckView.tsx, src/components/RuneSocketEngravingModal.tsx, src/views/ShopView.tsx"
SCR-04-19,상점 & 가챠 (ShopView),개발,성능,소환 버튼 클릭 첫 순간 3D 마법진 셰이더 컴파일 및 텍스처 밉맵 생성으로 100ms 이상 화면 프리징 및 15fps 드랍 발생.,상점 진입 즉시 백그라운드에서 셰이더 프로그램을 미리 컴파일(Pre-warming)하고 OffscreenCanvas에서 밉맵을 사전 생성하는 60fps 파이프라인 구현.,"소환 연출 시작 레이턴시 0ms 달성(100ms -> 0ms), 첫 소환 시 프레임 드랍 제로화 및 매끄러운 60fps 즉시 몰입감 제공.",작업대기,"src/views/ShopView.tsx, src/shaders/SummonCircleShader.ts, src/lib/ShaderPrewarmer.ts"
SCR-04-20,상점 & 가챠 (ShopView),디자인,사용성,"여러 픽업 배너를 평면 탭으로 넘겨 100dvh에서 구분이 어렵고, 확률표 확인 시 전체 화면 팝업으로 소환 흐름 단절 발생.",픽업 배너를 3D 큐브 형태로 좌우 스와이프하는 '인터랙티브 3D 회전 캐러셀' 구축 및 44px 칩 탭 시 확률과 천장을 보여주는 하프 바텀시트 UX 제공.,"픽업 배너 탐색 전환 시간 60% 단축, 확률/천장 정보 확인 편의성 70% 향상 및 모바일 한 손 조작감 극대화.",작업대기,"src/views/ShopView.tsx, src/components/CubeBannerCarousel.tsx, src/components/GachaRateBottomSheet.tsx"
SCR-04-21,상점 & 가챠 (ShopView),기획,과금전환,10연차에서 중복/비선호 SSR 획득 시 기대감이 실망감으로 급변하며 후속 과금 흐름 단절 발생.,"10연차 시 '즉시 교환권'을 지급해 소환 직후 30분간 타 유저의 동급 SSR과 1:1 맞교환하는 '라이브 픽업 교환소' 개방 및 '익스체인지 팩(1,000원)' 팝업 연동.","중복 획득 실망감 80% 상쇄, 교환권 패키지 소액 결제 전환율 6.8% 달성 및 가챠 후 즉각적 트레이딩 도파민 창출.",작업대기,"src/views/ShopView.tsx, src/components/LivePickupTradeModal.tsx, src/views/ShopView.tsx"
SCR-05-19,카드 마켓플레이스 (CardMarketplaceView),개발,성능,가격대별 누적 거래량 매물대(Volume Profile) 집계 시 수만 건 틱의 메인 스레드 버킷팅 연산으로 60ms 이상 UI 블로킹 발생.,볼륨 프로파일 히스토그램 연산을 Web Worker로 분리하고 WebGL 인스턴스 셰이더로 단일 프레임 알파 블렌딩 합성하는 60fps 차트 엔진 구현.,"매물대 연산 메인 스레드 부하 85% 절감, 차트 핀치줌/패닝 시 60fps 완전 유지 및 고래 매물벽 실시간 시각화.",작업대기,"src/views/CardMarketplaceView.tsx, src/workers/VolumeProfileWorker.ts, src/components/VolumeProfileCanvas.tsx"
SCR-05-20,카드 마켓플레이스 (CardMarketplaceView),디자인,사용성,가격 직접 타이핑 중 호가 변동으로 주문 실패/오입력 발생 및 미체결 주문 취소를 위해 별도 탭 이동 필요.,100dvh 화면에 세로형 '호가 사다리(Price Ladder)'를 제공해 원하는 가격 칸 탭 즉시 주문 접수 및 내 주문 번호 롱터치 시 0.1초 취소 UX 구축.,"주문 접수 및 취소 소요 시간 70% 단축(10초 -> 3초), 호가 주문 오입력 90% 방지 및 전문 트레이딩 손맛 제공.",작업대기,"src/views/CardMarketplaceView.tsx, src/components/PriceLadderOrderBook.tsx, src/components/QuickCancelHapticButton.tsx"
SCR-05-21,카드 마켓플레이스 (CardMarketplaceView),기획,과금전환,전문 카드 트레이더 유저들이 거래 수수료 부담으로 잦은 매매를 주저하며 거래 활성화에 따른 직접적 페이백 보상 결여.,"일일 거래액 달성 시 럭키 룰렛권을 지급하고 7일간 수수료 0% 및 거래액 1% 다이아 페이백 'VIP 트레이더 무제한 프리 패스(2,500원)' 연동.","헤비 트레이더 일일 거래량 2.2배 증가, 프리 패스 결제 전환율 6.6% 달성 및 거래소 시장 유동성 극대화.",작업대기,"src/views/CardMarketplaceView.tsx, src/components/GoldbackPaybackModal.tsx, src/views/ShopView.tsx"
SCR-06-19,가상 주식 거래소 (StockMarketView),개발,성능,기관/큰손 유저들의 실시간 대량 매수/매도 깊이(Heatmap Depth) 누적 시각화 시 CPU 연산 병목으로 70ms 이상 렉 및 20fps 저하 발생.,오더북 깊이 데이터를 WebGL 텍스처로 직결하고 픽셀 셰이더 FBO 핑퐁 렌더링으로 실시간 히트맵을 연산하는 60fps GPU 가속 파이프라인 구축.,"오더북 히트맵 연산 CPU 부하 90% 절감, 실시간 시세 변동 중 60fps 완벽 방어 및 대형 매수/매도벽 직관적 시각화.",작업대기,"src/views/StockMarketView.tsx, src/shaders/OrderbookHeatmapShader.ts, src/lib/FboHeatmapBuffer.ts"
SCR-06-20,가상 주식 거래소 (StockMarketView),디자인,사용성,"급등락 시 호가 간격이 좁거나 넓어져 100dvh 화면에서 오입력이 발생하며, 급락 시 즉시 탈출하는 패닉 청산 버튼 부재.",두 손가락으로 호가 틱 단위(1/5/10/50원)를 즉시 조절하는 '핀치 스프레드 줌' UX 및 하단 Thumb Zone에 48px '원터치 시장가 전량 긴급 청산 슬라이더' 구축.,"급변 장세 대응 시간 65% 단축, 호가 오입력 사고 80% 감소 및 긴급 탈출 편의성 극대화.",작업대기,"src/views/StockMarketView.tsx, src/components/PinchSpreadZoomController.tsx, src/components/EmergencyExitSlider.tsx"
SCR-06-21,가상 주식 거래소 (StockMarketView),기획,과금전환,단순 매수 구조로 인해 하락장이나 횡보장에서 유저 거래 의욕이 꺾이고 거래소 시장 유동성이 급감함.,"주가 하락 시 수익을 내는 '가상 공매도(Short) 대주 거래' 신설 및 공매도 집중 종목 폭등 유도 '숏스퀴즈 잭팟 이벤트'와 '쇼트 트레이더 패스(1,500원)' 연동.","하락장 거래량 2.5배 증가, 숏스퀴즈 폭등 시 화제성 및 도파민 극대화, 쇼트 패스 결제 전환율 6.7% 달성.",작업대기,"src/views/StockMarketView.tsx, src/components/ShortSellingTradeModal.tsx, src/views/ShopView.tsx"
SCR-07-19,승부 예측 시장 (PredictionMarketView),개발,성능,마감 직전 초당 수백 건 틱 유입 시 PostMessage 큐잉 지연(40ms)으로 수치 변경과 햅틱/사운드 싱크 불일치 및 인풋 렉 발생.,SharedArrayBuffer 기반 락-프리(Lock-Free) SPSC 원형 큐를 구축하여 0ms 메모리 읽기를 구현하고 오디오-비주얼 타임스탬프 동기화 60fps 파이프라인 구현.,"데이터 전송 레이턴시 0ms 달성, 오디오-비주얼 연출 싱크 어긋남 제로화 및 대규모 틱 폭증 시에도 60fps 무지연 터치 응답성 보장.",작업대기,"src/views/PredictionMarketView.tsx, src/lib/LockFreeSpscQueue.ts, src/lib/AudioVisualSyncEngine.ts"
SCR-07-20,승부 예측 시장 (PredictionMarketView),디자인,사용성,"100dvh 화면에서 양팀 스쿼드 스펙/체력 확인을 위해 잦은 스와이프가 필요하고, 자주 쓰는 베팅 금액을 매번 수동 조작하는 번거로움 존재.",양팀 스쿼드를 좌우 엄지 플릭으로 넘겨보는 '스쿼드 스펙 스위퍼 바' 및 사용자 지정 금액을 1-Tap으로 즉시 베팅하는 '커스텀 프리셋 칩(44px)' 구축.,"스쿼드 전력 확인 시간 60% 단축, 베팅 조작 소요 시간 70% 단축(8초 -> 2.5초) 및 한 손 조작 만족도 극대화.",작업대기,"src/views/PredictionMarketView.tsx, src/components/SquadSpecSweeper.tsx, src/components/BettingPresetChips.tsx"
SCR-07-21,승부 예측 시장 (PredictionMarketView),기획,과금전환,경기별 단순 환급 외에 유저 전체가 열광할 대규모 누적 상금(메가 잭팟) 기전이 없어 빅매치에서의 소셜 흥분감 및 과금 집결 요소 부재.,실패 베팅 코인의 5%가 누적되는 '골든 슈퍼볼 메가 잭팟 풀' 신설 및 역배(5배 이상) 적중 시 상금을 3배로 불려주는 '언더독 미라클 부스터(990원)' 연동.,"주말 빅매치 동시 접속자 수 3배 급증, 언더독 부스터 결제 전환율 7.1% 달성 및 메가 잭팟 당첨 시 전 서버 화제성 폭발.",작업대기,"src/views/PredictionMarketView.tsx, src/components/SuperBowlJackpotModal.tsx, src/views/ShopView.tsx"
SCR-08-19,소환 & 융합 연구소 (FusionLabView),개발,성능,융합 폭발 순간 블룸(Bloom) 빛 번짐 연출 시 풀 해상도 가우스 블러 처리로 35ms 이상 병목 및 25fps 프레임 저하 발생.,블룸 연출을 1/4 해상도 듀얼 가와세(Dual Kawase) 다운샘플링 핑퐁 패스로 전환하여 모바일 GPU 부하를 최소화하는 60fps 시네마틱 블룸 엔진 구현.,"포스트 프로세싱 렌더링 시간 70% 단축(35ms -> 8ms), 융합 폭발 시 60fps 완벽 유지 및 초고화질 빛 번짐 시각 도파민 극대화.",작업대기,"src/views/FusionLabView.tsx, src/shaders/DualKawaseBloomShader.ts, src/lib/PostProcessingPipeline.ts"
SCR-08-20,소환 & 융합 연구소 (FusionLabView),디자인,사용성,재료 투입 시 성공/실패 확률과 계승 스킬이 작게 표기되어 100dvh에서 인지가 어렵고 실패 위험도 과소평가로 인한 오조작 사고 발생.,슬롯 중앙에 실시간 확률 비중을 3색 원형 게이지로 보여주는 '확률 프리뷰 다이얼' 및 실패 위험 40% 이상 시 경고 햅틱 안전 잠금(48px 버튼) 구축.,"확률 인지 시간 65% 단축, 실패 위험 과소평가로 인한 오조작 사고 90% 방지 및 모바일 한 손 조작 편의성 극대화.",작업대기,"src/views/FusionLabView.tsx, src/components/ProbabilityDialGauge.tsx, src/components/SafetyConfirmModal.tsx"
SCR-08-21,소환 & 융합 연구소 (FusionLabView),기획,과금전환,동일 종족 합성 위주로만 진행되어 이종족 간 파격적 변종 조합을 시도하는 매니아적 실험 욕구 제한 및 프리미엄 과금 모델 부재.,"서로 다른 3개 종족 합성 시 두 종족 특성을 겸비한 전설의 혼혈 카드를 탄생시키는 '키메라 연성식' 및 성공률 5배 '키메라 주문서 번들(1,900원)' 연동.","이종족 카드 수집/합성 시도 3배 증가, 키메라 주문서 번들 결제 전환율 7.2% 달성 및 초희귀 카드 획득 시 전 서버 바이럴 극대화.",작업대기,"src/views/FusionLabView.tsx, src/components/ChimeraFusionModal.tsx, src/views/ShopView.tsx"
SCR-09-19,길드 & 소셜 하우스 (GuildHouseView),개발,성능,아지트에 다중 동적 조명 배치 시 CPU 광선 투사 연산으로 100ms 이상 지연 및 20fps 이하 프레임 저하 발생.,"정적 배경 섀도우맵을 OffscreenCanvas에 캐싱하고, 이동 아바타 그림자만 GPU 픽셀 셰이더 1D 텍스처 패스로 처리하여 60fps 앰비언트 라이팅 파이프라인 구현.","동적 조명 연산 CPU 부하 85% 절감, 다중 조명 환경 60fps 완벽 유지 및 아지트의 아늑한 비주얼 무드 완성.",작업대기,"src/views/GuildHouseView.tsx, src/shaders/DynamicShadow2DShader.ts, src/lib/ShadowmapBaker.ts"
SCR-09-20,길드 & 소셜 하우스 (GuildHouseView),디자인,사용성,길드 단체 사진 촬영 시 아바타 겹침/포즈 불일치로 스크린샷 캡처가 어렵고 UI 숨김 메뉴가 복잡함.,100dvh 하단에 '1-Tap 단체 포토부스(48px)'를 제공해 길드원이 포디움에 자동 정렬되고 승리 포즈를 취하며 9:16 숏폼 사진을 생성하는 인터랙션 구축.,"단체 사진 촬영 준비 시간 80% 단축(3분 -> 30초), 커뮤니티 바이럴 공유율 60% 증가 및 길드 결속력 강화.",작업대기,"src/views/GuildHouseView.tsx, src/components/GuildPhotoBoothModal.tsx, src/components/AutoPoseAligner.tsx"
SCR-09-21,길드 & 소셜 하우스 (GuildHouseView),기획,과금전환,아지트 내 엔터테인먼트 시설이 부족해 즉석 도파민을 느낄 미니게임 및 소셜 버프 과금 모델 결여.,"매일 1회 무료로 칵테일을 주문해 잭팟 버프를 노리는 '럭키 바텐더 룰렛' 및 접속 길드원 전원에게 공격력 +20% 버프를 쏘는 '황금 럼주 골든 파티 샷(1,100원)' 연동.","길드 주점 일일 이용률 85% 달성, 레이드 직전 골든 샷 패키지 결제 전환율 7.3% 신규 창출 및 소셜 플렉스 도파민 극대화.",작업대기,"src/views/GuildHouseView.tsx, src/components/GuildTavernCocktailModal.tsx, src/views/ShopView.tsx"
SCR-10-19,랭킹 & 명예의 전당 (LeaderboardView),개발,성능,랭킹전 진행 중 수백 명 ELO 변동 수치/순위 셔플 시 DOM 클래스 토글/스타일 갱신으로 70ms 렌더 락 및 20fps 저하 발생.,순위 변동 트랜지션을 2D Canvas 오버레이 레이어로 분리하고 RAF 단일 배치 사이클 내에서 변동 파티클과 슬라이드를 일괄 처리하는 60fps 무감속 엔진 구현.,"실시간 순위 변동 시 CPU 연산 지연 85% 절감, 브라우저 리플로우 제로화 및 모바일 60fps 부드러운 순위 교체 연출 보장.",작업대기,"src/views/LeaderboardView.tsx, src/components/RankingCanvasTransition.tsx, src/lib/EloAnimationBatcher.ts"
SCR-10-20,랭킹 & 명예의 전당 (LeaderboardView),디자인,사용성,다음 티어 승급선까지 남은 점수와 강등선 유저와의 격차를 100dvh 화면에서 한눈에 비교하기 어려워 반복 스크롤 피로도 발생.,100dvh 화면에 승급선/강등선을 네온선으로 상시 표기하는 '컷오프 인디케이터' 및 목표 랭커를 화면 상단에 핀으로 고정해 점수차를 실시간 추적하는 '1-Tap 타겟 핀(48px)' 구축.,"목표 티어 및 강등 위험 확인 시간 70% 단축(20초 -> 6초), 스크롤 왕복 80% 감소 및 긴장감 있는 목표 지향 UX 제공.",작업대기,"src/views/LeaderboardView.tsx, src/components/CutoffIndicatorLine.tsx, src/components/PinnedTargetRankBar.tsx"
SCR-10-21,랭킹 & 명예의 전당 (LeaderboardView),기획,과금전환,시즌 종료 24시간 전 막판 스퍼트 기간에 순위 고착화를 느낀 중위권 유저들이 랭킹전 도전을 포기하고 이탈 발생.,"시즌 종료 6시간 전 승점 2배 '골든 아워 피버 타임' 발동 및 패배 시 점수 하락 50% 방어/추가 승점 부여 '시즌 엔드 스퍼트 앰플(1,200원)' 타임딜 연동.","시즌 마감 직전 랭킹전 DAU 45% 급증, 막판 스퍼트 패키지 결제 전환율 7.3% 신규 창출 및 마지막 역전 경쟁 도파민 극대화.",작업대기,"src/views/LeaderboardView.tsx, src/components/FinalCountdownModal.tsx, src/views/ShopView.tsx"
SCR-11-19,퀘스트 & 업적 센터 (QuestAchievementView),개발,성능,100개 이상 업적 뱃지의 메탈릭 광택/빛 반사 셰이더가 화면 밖 뱃지까지 연산되어 35fps 저하 및 GPU 발열 발생.,가시 영역(Viewport) 내 뱃지만 선별 렌더링하는 '2D 프러스텀 가상 컬링' 및 인스턴스 버퍼 일괄 디스패치 60fps 파이프라인 구축.,"업적 스크롤 시 GPU 부하 70% 절감, 기기 발열 30% 감소 및 100개 이상 뱃지 화면에서 완벽한 60fps 유지.",작업대기,"src/views/QuestAchievementView.tsx, src/shaders/MetallicBadgeShader.ts, src/lib/BadgeVirtualCulling.ts"
SCR-11-20,퀘스트 & 업적 센터 (QuestAchievementView),디자인,사용성,일일 퀘스트 올클리어 시 완료 텍스트만 바뀌어 완수 성취감이 약하고 내일의 퀘스트를 미리 확인하는 동선 부재.,올클리어 즉시 'COMPLETED' 황금 스탬프가 쾅 찍히는 햅틱 임팩트 연출 및 내일의 주요 퀘스트/보상을 미리 엿보는 '익일 프리뷰 바텀시트(48px)' 구축.,"일일 미션 완수 성취 만족도 75% 향상, 익일 재방문(D1 리텐션) 기대감 증대 및 햅틱 손맛 극대화.",작업대기,"src/views/QuestAchievementView.tsx, src/components/HapticWaxStampAnimation.tsx, src/components/NextDayQuestPreviewSheet.tsx"
SCR-11-21,퀘스트 & 업적 센터 (QuestAchievementView),기획,과금전환,마일스톤 달성 후 남는 잉여 퀘스트 포인트가 버려져 추가적인 도파민 파밍 및 소액 결제 연계 수단 결여.,잉여 포인트 100점마다 대박을 뽑는 '미스터리 럭키 금고' 신설 및 금고 개봉 보상을 3배로 불려주는 '마법의 황금 열쇠 팩(990원)' 연동.,"잔여 퀘스트 포인트 소진율 90% 달성, 럭키 금고 열쇠 결제 전환율 7.1% 달성 및 잉여 재화 도파민 순환 완성.",작업대기,"src/views/QuestAchievementView.tsx, src/components/MysteryLuckyVaultModal.tsx, src/views/ShopView.tsx"
SCR-12-19,환경설정 & 계정/보상 센터 (SettingRewardView),개발,성능,"렉이나 프레임 저하 시 기기 병목(GPU, VRAM, 메모리 등)을 진단할 수 없어 맹목적 CS 문의 및 유저 이탈 발생.","실시간 FPS, 힙 메모리, VRAM, 드로우 콜을 무부하로 측정하는 '성능 진단 프로파일러 HUD' 탑재 및 1-클릭 진단 리포트 비동기 전송 파이프라인 구축.","성능 관련 고객 문의 50% 감소, 최적화 피드백 수집 시간 80% 단축 및 모니터링 중 60fps 무지연 유지.",작업대기,"src/views/SettingRewardView.tsx, src/components/ClientPerformanceProfilerHUD.tsx, src/lib/PerformanceDiagnosticLogger.ts"
SCR-12-20,환경설정 & 계정/보상 센터 (SettingRewardView),디자인,사용성,이어폰/헤드폰과 기기 스피커 환경 차이로 사운드 밸런스가 무너지며 단조로운 진동으로 햅틱 손맛 조절 불가.,베이스 부스트/보컬 명료도/야간 모드'를 전환하는 '1-Tap 스마트 오디오 EQ 칩' 및 진동 리듬과 진폭을 직접 선택하는 '햅틱 리듬 커스터마이저(48px)' 구축.,"모바일 음향 환경 만족도 65% 향상, 햅틱 손맛 조절을 통한 조작 몰입도 50% 증가.",작업대기,"src/views/SettingRewardView.tsx, src/components/EqualizerPresetChips.tsx, src/components/HapticPatternCustomizer.tsx"
SCR-12-21,환경설정 & 계정/보상 센터 (SettingRewardView),기획,과금전환,계정 생성 100일/1주년 등 마일스톤 날짜 도달 시 기념 연출이나 개인화된 축하가 없어 감성적 보상감 결여.,"기념일에 플레이 통계와 무료 SSR을 주는 '기념일 타임캡슐' 신설 및 24시간 한정 매달 다이아를 지급하는 '영구 VIP 라이프타임 패스(4,900원)' 연동.","기념일 당일 세션 복귀율 60% 급증, 라이프타임 패스 결제 전환율 7.6% 달성 및 유저 LTV 극대화.",작업대기,"src/views/SettingRewardView.tsx, src/components/AnniversaryTimeCapsuleModal.tsx, src/views/ShopView.tsx"
SCR-01-22,메인 로비 & 홈 (HomeView),개발,성능,로비 3D 대표 덱 5장 렌더링 시 저사양 기기에서 정밀 폴리곤/PBR 연산 병목으로 20fps 저하 및 발열 발생.,기기 GPU 성능 실시간 벤치마킹 기반 3단계 '적응형 동적 LOD(Level of Detail) 렌더러' 적용 및 5장 지오메트리 단일 GPU 버퍼 인스턴싱 60fps 파이프라인 구축.,"저사양 기기 GPU 부하 65% 절감, 표면 온도 3.5°C 감소 및 전 기기 60fps 완전 고정.",작업대기,"src/views/HomeView.tsx, src/shaders/AdaptiveLodCardShader.ts, src/lib/DynamicLodManager.ts"
SCR-01-23,메인 로비 & 홈 (HomeView),디자인,사용성,100dvh 세로 뷰포트 시야각 한계로 광활한 월드 배경 랜드마크를 감상하기 어렵고 평면적 배경으로 인식됨.,기기 기울임에 반응하는 '자이로스코프 360 파노라마 패닝' 구축 및 배경 속 경기장/상점 탭 시 카메라 줌인과 함께 즉시 이동하는 '랜드마크 퀵 포커스(48px)' 제공.,"로비 공간 입체감/탐색 만족도 70% 향상, 주요 건물 직관적 진입 동선 단축 및 몰입형 모바일 인터랙션 제공.",작업대기,"src/views/HomeView.tsx, src/components/GyroscopeWorldPanorama.tsx, src/components/LandmarkFocusTrigger.tsx"
SCR-01-24,메인 로비 & 홈 (HomeView),기획,과금전환,오프라인 시간 동안 유저 기대감을 유지하고 재접속을 강력히 유도하는 방치형 성장(Idle Progress) 기전 결여.,"24시간 후 부화하는 '신비의 드래곤 알 부화기' 배치 및 터치 시 시간 단축 도파민 연동, 부화 12시간 즉시 단축 '황금 모래시계 팩(800원)' 타임딜 연동.","D1 재접속률 35% 상승, 모래시계 가속 패키지 결제 전환율 6.8% 달성 및 방치형 도파민 루프 형성.",작업대기,"src/views/HomeView.tsx, src/components/DragonEggIncubatorModal.tsx, src/views/ShopView.tsx"
SCR-02-22,배틀 아레나 (PlayGameView),개발,성능,광역기/연타 시 화면에 수십 개 데미지 숫자가 동시에 튈 때 DOM 생성 및 CSS 애니메이션 병목으로 50ms 렉 및 25fps 저하 발생.,데미지 숫자를 Bitmap Font 아틀라스로 사전 래스터화하고 WebGL 인스턴스 버퍼에서 궤적을 연산하여 단일 드로우 콜로 출력하는 60fps 텍스트 렌더러 구현.,"다중 연타 시 메인 스레드 부하 85% 절감, 데미지 연출 중 60fps 완벽 유지 및 경쾌한 타격 가독성 확보.",작업대기,"src/views/PlayGameView.tsx, src/components/DamageTextAtlasRenderer.tsx, src/lib/BitmapFontBaker.ts"
SCR-02-23,배틀 아레나 (PlayGameView),디자인,사용성,흔들리는 이동 환경에서 카드 드래그 시 슬롯 경계선 오차로 소환 취소 또는 원치 않는 슬롯 배치 등 오조작 빈번.,슬롯 반경 50px 접근 시 카드를 자석처럼 끌어당기는 '마그네틱 슬롯 스냅' 및 하단 Safe Area로 손가락을 내리면 즉시 복귀하는 '드롭다운 퀵 캔슬(48px)' 구축.,"필드 카드 소환 오조작 90% 차단, 이동 중 배틀 플레이 안정성 및 한 손 조작 만족도 65% 향상.",작업대기,"src/views/PlayGameView.tsx, src/components/MagneticSlotDropzone.tsx, src/components/QuickCancelDropzone.tsx"
SCR-02-24,배틀 아레나 (PlayGameView),기획,과금전환,배틀 승리 후 정산 화면에서 단순 보상 획득에 그쳐 승리 도파민이 빠르게 식고 연승을 유도할 소액 베팅 기전 부재.,승리 직후 앞/뒷면을 맞춰 골드를 2~4배로 불리는 '빅토리 코인 토스 럭키 찬스' 무료 연출 및 연속 승리 시 골드 배당 3배 '연승 복리 부스터 티켓(500원)' 연동.,"승리 후 정산 체류 시간 50% 증가, 연승 부스터 결제 전환율 6.8% 달성 및 승리 직후 도파민 쾌감 극대화.",작업대기,"src/views/PlayGameView.tsx, src/components/VictoryCoinTossModal.tsx, src/views/ShopView.tsx"
SCR-03-22,마이덱 & 카드 관리 (MyDeckView),개발,성능,카드 교체 시 덱의 종합 턴당 DPS/생존력 모의 몬테카를로 연산 병목으로 80ms 이상 지연 및 카드 드래그 렉 발생.,"1,000회 모의 전투 몬테카를로 시뮬레이션을 C++ WASM SIMD 엔진으로 분리하고 디바운스 비동기 워커 파이프라인으로 60fps 무감속 반영 구현.","덱 시뮬레이션 계산 시간 92% 단축(80ms -> 6ms), 카드 교체 중 프레임 드랍 제로화 및 정밀한 덱 파워 지표 제공.",작업대기,"src/views/MyDeckView.tsx, src/wasm/MonteCarloDeckSim.wasm, src/lib/DeckPowerWorkerBridge.ts"
SCR-03-23,마이덱 & 카드 관리 (MyDeckView),디자인,사용성,전열/중열/후열 진형 배치 조정 시 100dvh 화면에서 슬롯 간격이 좁아 손가락 드래그 시 순서가 꼬이거나 오배치 빈번.,하단에 진형을 0.1초 만에 바꾸는 '포메이션 프리셋 독(48px)' 탑재 및 전후열 슬롯 접근 시 자리바꿈 애니메이션과 햅틱을 주는 '마그네틱 포지션 스왑' 구축.,"진형 배치 소요 시간 65% 단축, 모바일 슬롯 오터치 85% 감소 및 시각적 진형 전술 이해도 대폭 향상.",작업대기,"src/views/MyDeckView.tsx, src/components/FormationPresetDock.tsx, src/components/MagneticPositionSwap.tsx"
SCR-03-24,마이덱 & 카드 관리 (MyDeckView),기획,과금전환,동일 카드로 수백 판 승리해도 숙련도를 증명할 시각적 타이틀이나 명예 요소가 부족해 장인 유저에 대한 보상감 결여.,"승리 횟수에 따라 프레임에 이펙트가 감기는 '카드 장인 마스터리 시스템' 신설 및 10레벨 달성 시 스킬 연출을 황금빛으로 교체하는 '골든 엠퍼러 스킨 팩(1,100원)' 연동.","애정 카드 반복 플레이율 50% 증가, 마스터리 달성자 한정 스킨 패키지 결제 전환율 7.2% 달성 및 카드 애착도 극대화.",작업대기,"src/views/MyDeckView.tsx, src/components/CardMasteryLevelModal.tsx, src/views/ShopView.tsx"
SCR-04-22,상점 & 가챠 (ShopView),개발,성능,최고 등급 등장 3D 시네마틱 비디오 로드 시 프레임 캡처 및 텍스처 업로드 병목으로 70ms 렉 및 오디오 싱크 밀림 발생.,WebCodecs API 기반 하드웨어 제로 카피 텍스처 바인딩으로 전환하고 OffscreenCanvas에서 파티클과 실시간 알파 블렌딩 합성하는 60fps 엔진 구현.,"시네마틱 컷인 영상 재생 시 프레임 드랍 제로화, 텍스처 메모리 복사 오버헤드 제로화 및 모바일 오디오-비디오 완벽 싱크 보장.",작업대기,"src/views/ShopView.tsx, src/lib/WebCodecsVideoPlayer.ts, src/components/CinematicVideoTextureCanvas.tsx"
SCR-04-23,상점 & 가챠 (ShopView),디자인,사용성,"단순 버튼식 결제 확인창으로 인한 고액 재화 오소진 불안감이 높고, 다음 천장까지 남은 소환 횟수 파악이 어려움.",100dvh 하단에 오터치를 방지하는 '스와이프 투 컨펌 결제 슬라이더 바(48px)' 배치 및 상단에 잔여 횟수를 보여주는 '천장 마일스톤 카운트다운 허브' 구축.,"결제/소환 오조작 사고 95% 예방, 천장 달성 동기부여 명확화 및 한 손 슬라이드 조작의 심리적 안정감 제공.",작업대기,"src/views/ShopView.tsx, src/components/SwipeToConfirmBar.tsx, src/components/PityMilestoneCountdownHub.tsx"
SCR-04-24,상점 & 가챠 (ShopView),기획,과금전환,10연차 소환 종료 후 추가적인 미니게임이나 보너스 기회가 없어 다음 결제로 이어지는 연결 고리가 취약함.,소환 즉시 3장 중 1장을 뽑아 보너스 재화를 최대 5배 환급받는 '행운의 블랙잭 미니 찬스' 무료 연출 및 결과를 역전시키는 '블랙잭 조커 팩(700원)' 연동.,"소환 후 즉각적인 추가 도파민 제공, 조커 부스터 패키 소액 결제 전환율 7.1% 달성 및 가챠 연쇄 세션 유지율 40% 증가.",작업대기,"src/views/ShopView.tsx, src/components/LuckyBlackjackModal.tsx, src/views/ShopView.tsx"
SCR-05-22,카드 마켓플레이스 (CardMarketplaceView),개발,성능,수천 장 매물 썸네일 무한 스크롤 시 개별 텍스처 바인딩 오버헤드로 80ms 이상 Jank 및 20fps 저하 발생.,WebGL 2.0 기반 가상 텍스처링(Virtual Texturing)을 구현하여 가시 영역만 타일 단위 동적 페이징하고 비가시 타일을 16.6ms 내 회수하는 60fps 엔진 구축.,"텍스처 바인딩 90% 절감(1,000회 -> 1회), GPU VRAM 점유율 70% 감소 및 초고속 스크롤 중 60fps 완벽 고정.",작업대기,"src/views/CardMarketplaceView.tsx, src/lib/VirtualTextureManager.ts, src/components/MarketplaceVirtualGrid.tsx"
SCR-05-23,카드 마켓플레이스 (CardMarketplaceView),디자인,사용성,시세 대비 저렴한 급매물 발견 시 매수 후 다시 인벤토리로 이동해 재출품해야 해 100dvh 환경에서 차익 거래 기동성 저하.,평균가 대비 15% 이상 저렴한 매물을 실시간 알리는 '차익 레이더 바' 및 매수 즉시 추천 시장가로 자동 재출품되는 48px '1-Tap 플립(Flip) 버튼' 구축.,"차익 거래 실행 단계 80% 단축(6단계 -> 1탭), 거래 회전율 65% 증가 및 모바일 원핸드 매매 쾌감 극대화.",작업대기,"src/views/CardMarketplaceView.tsx, src/components/ArbitrageRadarBar.tsx, src/components/OneTapFlipButton.tsx"
SCR-05-24,카드 마켓플레이스 (CardMarketplaceView),기획,과금전환,24시간 동일한 거래소 환경으로 심야 시간대 접속률이 떨어지고 한정판 희귀 매물이 풀리는 이벤트성 기전 부재.,"매일 밤 23시 2시간 동안 초희귀 카드가 100 코인 시작가로 출품되는 '심야 도깨비 야시장' 신설 및 우선 입찰권 포함 '암시장 비밀 통행증(1,200원)' 연동.","심야 시간대 거래소 DAU 45% 급증, 야시장 통행증 결제 전환율 7.3% 달성 및 심야 경매 레이스 도파민 극대화.",작업대기,"src/views/CardMarketplaceView.tsx, src/components/MidnightBlackMarketModal.tsx, src/views/ShopView.tsx"
SCR-06-22,가상 주식 거래소 (StockMarketView),개발,성능,전체 시장 동향 2D 트리맵(Treemap) 렌더링 시 50개 이상 타일 배치가 DOM/SVG로 처리되어 틱마다 80ms 렉 및 20fps 저하 발생.,스쿼리파이드 트리맵 분할 알고리즘을 Web Worker로 분리하고 단일 WebGL 인스턴스 쿼드 셰이더로 파이프라이닝하여 60fps 무감속 트리맵 렌더러 구현.,"시장 히트맵 연산 CPU 부하 85% 절감, 시세 급변 중에도 60fps 프레임 100% 방어 및 전체 시장 수급 한눈에 파악.",작업대기,"src/views/StockMarketView.tsx, src/shaders/StockTreemapShader.ts, src/workers/TreemapLayoutWorker.ts"
SCR-06-23,가상 주식 거래소 (StockMarketView),디자인,사용성,실시간 배당금을 매번 수동 수령/재투자해야 해 100dvh 화면에서 반복 피로도가 높고 누적 수익률을 자랑할 소셜 공유 수단 부재.,100dvh 상단에 '1-Tap 스마트 복리 저금통(자동 재투자 토글)' 상시 노출 및 총자산/수익률을 9:16 인스타용으로 생성하는 '골든 수익률 카드 공유(48px)' 구축.,"일일 배당금 수동 수령 동선 100% 자동화, 투자 성과 바이럴 공유율 55% 증가 및 모바일 한 손 자산 관리 만족도 대폭 개선.",작업대기,"src/views/StockMarketView.tsx, src/components/AutoReinvestmentToggle.tsx, src/components/GoldenYieldCardShare.tsx"
SCR-06-24,가상 주식 거래소 (StockMarketView),기획,과금전환,특정 종목 지분을 50% 이상 확보해도 거버넌스 권력이 없어 슈퍼 고래 유저들의 대규모 자금 투입 유인 부족.,"지분 51% 확보 시 배당률 2배 및 전용 골든 칭호를 독점하는 '적대적 M&A 지분 인수 레이스' 신설 및 장내 수수료 0% '골든 사모펀드 M&A 팩(3,300원)' 연동.","고래 유저 간 지분 경쟁 자금 유입 4배 증가, M&A 패키지 결제 전환율 7.5% 달성 및 거래소 시장 활성화 극대화.",작업대기,"src/views/StockMarketView.tsx, src/components/HostileTakeoverModal.tsx, src/views/ShopView.tsx"
SCR-07-22,승부 예측 시장 (PredictionMarketView),개발,성능,골/킬 등 주요 경기 이벤트 시 실시간 승률 파형 그래프와 충격파 파티클 연산으로 60ms 렉 및 25fps 저하 발생.,이벤트 데이터를 비동기 링 버퍼(Ring Buffer)로 처리하고 2D 파형 및 충격파 파티클을 WebGL 버텍스 셰이더 인스턴싱으로 60fps 무감속 렌더링 구현.,"주요 이벤트 발생 시 메인 스레드 부하 85% 절감, 파형/파티클 렌더링 중 60fps 완벽 고정 및 박진감 넘치는 경기 관람 제공.",작업대기,"src/views/PredictionMarketView.tsx, src/shaders/WaveformParticleShader.ts, src/lib/EventRingBuffer.ts"
SCR-07-23,승부 예측 시장 (PredictionMarketView),디자인,사용성,여러 경기를 묶어 고배당을 노리는 파를레이(콤보) 베팅 시 100dvh 화면에서 경기 간 이동 및 베팅 슬립 관리가 어려움.,경기를 탭할 때마다 카드가 쌓이는 플로팅 '멀티 파를레이 베팅 슬립(48px)' 제공 및 위로 스와이프 시 합산 배당률이 즉시 계산/확정되는 원터치 제스처 구축.,"다중 경기 조합 베팅 소요 시간 70% 단축(40초 -> 12초), 파를레이 베팅 참여율 55% 증가 및 한 손 슬립 관리 만족도 극대화.",작업대기,"src/views/PredictionMarketView.tsx, src/components/ParlayBettingSlip.tsx, src/components/SwipeConfirmBetSheet.tsx"
SCR-07-24,승부 예측 시장 (PredictionMarketView),기획,과금전환,경기 마감 직전 역상성 발각 등 결정적 정보가 나와도 베팅이 마감되어 수정할 수 없어 발을 구르는 상황 발생.,"마감 30초 카운트다운 구간에 베팅을 긴급 번복/추가하는 '골든 타임 브레이커 연장권(500원)' 및 올인 실패 시 50%를 환급하는 '올인 세이프티 번들(1,500원)' 연동.","마감 직전 긴급 결제 전환율 7.2% 달성, 올인 실패 후 이탈률 45% 방어 및 극도의 긴장감과 구제 도파민 제공.",작업대기,"src/views/PredictionMarketView.tsx, src/components/TimeBreakerModal.tsx, src/views/ShopView.tsx"
SCR-08-22,소환 & 융합 연구소 (FusionLabView),개발,성능,결과 카드 등장 시 초고해상도 홀로그램 셰이더 및 노멀맵 실시간 조명 계산으로 30ms 이상 병목 및 20fps 끊김 발생.,노멀맵과 반사 텍스처를 압축 밉맵 포맷으로 최적화하고 광원 각도를 버텍스에서 보간하여 픽셀 셰이더 부하를 80% 줄이는 60fps 엔진 구현.,"홀로그램 연출 시 GPU 픽셀 셰이더 시간 70% 단축(30ms -> 8ms), 결과 카드 등장 시 60fps 완전 고정 및 배터리 25% 절감.",작업대기,"src/views/FusionLabView.tsx, src/shaders/HoloFoilLightingShader.ts, src/lib/NormalMipmapOptimizer.ts"
SCR-08-23,소환 & 융합 연구소 (FusionLabView),디자인,사용성,재료 선택 시 고레벨 카드를 실수로 투입할 위험이 있고 목록에서 즉시 잠금을 걸거나 해제하는 원터치 조작 부재.,재료 롱터치 시 햅틱과 함께 황금 자물쇠가 잠기는 '인스턴트 락(Lock) 토글' 및 고레벨 선택 시 붉은 파동으로 경고하는 '가치 보존 세이프티 가드(48px)' 구축.,"고가치 카드 오융합 사고 100% 차단, 재료 선별 안정감 및 모바일 한 손 조작 만족도 70% 향상.",작업대기,"src/views/FusionLabView.tsx, src/components/InstantMaterialLock.tsx, src/components/ValueSafetyGuardAlert.tsx"
SCR-08-24,소환 & 융합 연구소 (FusionLabView),기획,과금전환,융합 진화 시 기존 스킬 세트가 고정되어 파격적인 커스텀 스킬 빌드를 시도할 수 있는 도파민 기전 부재.,"융합 완료 시 10% 확률로 히든 패시브가 부여되는 '돌연변이 스킬 룰렛' 발동 및 출현율을 100% 확정해주는 '고대 연금술사의 각성 축복 앰플(1,200원)' 연동.","스킬 파밍 연속 도전율 55% 증가, 각성 축복 앰플 결제 전환율 7.2% 달성 및 유니크 스킬 카드 탄생 도파민 극대화.",작업대기,"src/views/FusionLabView.tsx, src/components/MutantSkillRouletteModal.tsx, src/views/ShopView.tsx"
SCR-09-22,길드 & 소셜 하우스 (GuildHouseView),개발,성능,아지트 내 10개 이상 상호작용 가구 배치 시 다중 인원 충돌 연산으로 70ms 렌더 락 및 25fps 저하 발생.,가구 충돌/물리 연산을 Web Worker 기반 BVH 트리로 분리하고 SharedArrayBuffer로 무복사 직결하는 60fps 상호작용 물리 파이프라인 구현.,"가구 물리 연산 중 메인 스레드 부하 85% 절감, 다중 인원 상호작용 시 60fps 완벽 고정 및 쫀득한 손맛 제공.",작업대기,"src/views/GuildHouseView.tsx, src/workers/FurniturePhysicsWorker.ts, src/lib/BvhSpatialIndex.ts"
SCR-09-23,길드 & 소셜 하우스 (GuildHouseView),디자인,사용성,길드 공지나 레이드 출참 투표 시 긴 텍스트와 팝업 탐색으로 100dvh에서 접근성이 떨어지고 참여율 저조.,100dvh 상단 15초 음성 브리핑 '스마트 오디오 공지' 배치 및 좌우 스와이프로 1초 만에 의사를 표명하는 '틴더형 1-Tap 투표 바텀시트(48px)' 구축.,"길드 공지 확인 및 투표 참여율 70% 증가, 의견 수렴 시간 80% 단축 및 한 손 조작 만족도 극대화.",작업대기,"src/views/GuildHouseView.tsx, src/components/GuildAudioNoticePlayer.tsx, src/components/SwipeVoteBottomSheet.tsx"
SCR-09-24,길드 & 소셜 하우스 (GuildHouseView),기획,과금전환,길드원 전체가 매일 함께 돌보며 성장시키는 마스코트(길드 펫)가 없어 일상적인 방문 및 협동 동기 부족.,"매일 먹이를 주면 전원에게 다이아를 물어오는 '길드 아기 신수' 시스템 신설 및 즉시 최종 신수로 진화시키는 '신수의 골든 성수 펀딩팩(1,500원)' 연동.","길드 일일 방문율 50% 증가, 신수 펀딩팩 결제 전환율 7.1% 달성 및 공동 양육을 통한 애착도 극대화.",작업대기,"src/views/GuildHouseView.tsx, src/components/GuildGuardianPetModal.tsx, src/views/ShopView.tsx"
SCR-10-22,랭킹 & 명예의 전당 (LeaderboardView),개발,성능,역대 우승자 3D 트로피 룸 진입 시 수만 폴리곤 메시 및 실시간 반사광 계산으로 70ms 지연 및 20fps 급락 발생.,트로피 3D 지오메트리 연산 및 뎁스 프리패스를 Web Worker로 분리하고 반사 텍스처를 큐브맵 인라인 캐시로 사전 로딩하는 60fps 쇼케이스 파이프라인 구축.,"3D 전시장 진입 시간 75% 단축(1.8초 -> 0.4초), GPU 버텍스 부하 60% 절감 및 모바일 60fps 완벽 유지.",작업대기,"src/views/LeaderboardView.tsx, src/components/HallOfFame3DShowcase.tsx, src/workers/TrophyGeometryWorker.ts"
SCR-10-23,랭킹 & 명예의 전당 (LeaderboardView),디자인,사용성,"랭커 탭 시 단순 승률 숫자만 보여 내 전력(평균 턴수, 속성별 승률 등)과의 세부 격차 분석 불가.",랭커 탭 시 내 최근 20전 지표와 랭커 지표를 오버레이해 5각형 차트로 대조하는 '스마트 전력 레이더 바텀시트' 및 48px '원터치 벤치마킹 버튼' 구축.,"랭커 전력 분석 시간 60% 단축, 메타 학습 만족도 55% 증가 및 모바일 한 손 비교 분석 편의성 극대화.",작업대기,"src/views/LeaderboardView.tsx, src/components/RadarSpecCompareSheet.tsx, src/components/BenchmarkAnalysisButton.tsx"
SCR-10-24,랭킹 & 명예의 전당 (LeaderboardView),기획,과금전환,시즌 종료 후 챔피언 탄생 순간이 정적 공지로만 전달되어 전 서버 축제 분위기가 부족하고 일반 유저 축하 혜택 부재.,"시즌 1위 확정 즉시 전 서버에 황금 폭죽이 터지는 '챔피언 축하 페스티벌' 개방 및 챔피언 시그니처 카드가 포함된 '시즌 챔피언 헌정 팩(1,500원)' 연동.","시즌 종료 직후 접속률 40% 상승, 챔피언 기념 헌정 팩 결제 전환율 7.4% 달성 및 시즌 교체기 유저 리텐션 극대화.",작업대기,"src/views/LeaderboardView.tsx, src/components/ChampionFestivalModal.tsx, src/views/ShopView.tsx"
SCR-11-22,퀘스트 & 업적 센터 (QuestAchievementView),개발,성능,인게임 중 다중 퀘스트 동시 달성 시 여러 DOM 토스트 팝업의 연속 마운트로 60ms 렌더 락 및 프레임 드랍 발생.,알림 팝업 요청을 Web Worker 우선순위 큐로 관리하고 상단 경량 2D Canvas 오버레이 HUD로 단일 드로우 콜 내에 슬라이딩하는 60fps 알림 엔진 구현.,"연속 달성 시 브라우저 렌더 락 제로화, DOM 노드 생성 오버헤드 100% 제거 및 인게임 60fps 플레이 연속성 완벽 보장.",작업대기,"src/views/QuestAchievementView.tsx, src/workers/NotificationQueueWorker.ts, src/components/QuestToastCanvasHUD.tsx"
SCR-11-23,퀘스트 & 업적 센터 (QuestAchievementView),디자인,사용성,퀘스트 완료 및 보상 수령 후 다음 퀘스트 수행을 위해 퀘스트 센터로 반복 왕복해야 해 모바일 동선 피로도 누적.,"100dvh 하단에 다음 추천 퀘스트 바로가기와 보상 수령을 통합한 '1-Tap 연속 체인 점프 독(Chain Jump Dock, 48px)'을 상시 제공하는 원핸드 UX 구축.","일일 미션 수행 시간 60% 단축(10분 -> 4분), 화면 이동 피로도 80% 감소 및 원핸드 플레이 쾌적성 극대화.",작업대기,"src/views/QuestAchievementView.tsx, src/components/ChainJumpDock.tsx, src/lib/QuestChainNavigator.ts"
SCR-11-24,퀘스트 & 업적 센터 (QuestAchievementView),기획,과금전환,주간 퀘스트 완료 시 고정된 기본 상자만 주어져 올클리어 직후의 보상 기대감과 도파민 피크가 약함.,"주간 100% 달성 시 레버를 당겨 최대 777배 다이아를 노리는 '골든 스타 슬롯머신' 신설 및 잭팟 확률 3배 '주간 럭키 올패스 부스터(1,200원)' 연동.","주간 완료 유저의 슬롯머신 도파민 만족도 80% 향상, 주간 올패스 결제 전환율 7.4% 달성 및 주간 리텐션 극대화.",작업대기,"src/views/QuestAchievementView.tsx, src/components/GoldenStarSlotModal.tsx, src/views/ShopView.tsx"
SCR-12-22,환경설정 & 계정/보상 센터 (SettingRewardView),개발,성능,로컬 저장 데이터 암호화 시 순수 JS 연산 병목으로 80ms 이상 메인 스레드 락 및 설정 화면 렌더 렉 발생.,브라우저 네이티브 SubtleCrypto(Web Crypto API) 하드웨어 가속을 비동기 워커로 연동해 AES-GCM 256비트 암호화를 2ms 내 처리하는 60fps 엔진 구현.,"암/복호화 소요 시간 95% 단축(80ms -> 2ms), 설정 저장 시 UI 프리징 제로화 및 로컬 데이터 무결성 100% 보장.",작업대기,"src/views/SettingRewardView.tsx, src/lib/WebCryptoVault.ts, src/workers/DataEncryptionWorker.ts"
SCR-12-23,환경설정 & 계정/보상 센터 (SettingRewardView),디자인,사용성,그래픽 옵션이 상/중/하 3단계로만 제한되어 파티클/텍스처/반사 효과를 개별 조율하려는 모바일 유저의 타협점 세팅 불가.,파티클/텍스처/포일/블룸' 4개 항목을 5단계로 실시간 조절하는 48px '비주얼 매트릭스 슬라이더' 및 프레임 변화를 보여주는 미니 프리뷰 UX 구축.,"개인화 비주얼 세팅 정밀도 4배 향상, 불필요한 이펙트 선별 제거로 발열/배터리 최적화 만족도 65% 증가.",작업대기,"src/views/SettingRewardView.tsx, src/components/VisualMatrixSliderPanel.tsx, src/components/VisualEffectMiniPreview.tsx"
SCR-12-24,환경설정 & 계정/보상 센터 (SettingRewardView),기획,과금전환,"2단계 보안 인증이 번거롭게 인식되어 연동률이 저조하며, 해킹/분실 시 계정 복구를 위한 프리미엄 안심 서비스 부재.","2단계 인증(2FA) 연동 시 '사이버 보안관 테두리 + 1,000 다이아' 즉시 증정 및 계정 분실 시 30일 내 1-클릭 복구 보장 '세이프티 케어 패스(990원)' 연동.","2단계 인증 연동률 3배 증가(18% -> 58%), 계정 도용 사고 90% 예방 및 안심 케어 패스 결제 전환율 6.8% 달성.",작업대기,"src/views/SettingRewardView.tsx, src/components/TwoFactorAuthModal.tsx, src/views/ShopView.tsx"
SCR-01-25,메인 로비 & 홈 (HomeView),개발,성능,로비 상단 롤링 공지 티커 갱신 시 DOM 리플로우(Reflow)로 30ms 이상 지연 및 35~45fps 프레임 출렁임 발생.,공지 텍스트를 Canvas 비트맵으로 사전 베이킹하고 WebGL 버텍스 셰이더 UV 오프셋 이동으로 처리해 DOM 조작 없는 60fps 무감속 롤링 엔진 구현.,"브라우저 레이아웃 리플로우 100% 제거, 메인 스레드 부하 85% 절감 및 모바일 60fps 무지연 고정.",작업대기,"src/views/HomeView.tsx, src/components/TickerCanvasScroller.tsx, src/shaders/TextUvScrollShader.ts"
SCR-01-26,메인 로비 & 홈 (HomeView),디자인,사용성,로비 캐릭터 터치 시 일방향 대사만 나와 유저 감정 전달 피드백이 부재하고 터치 손맛 제한적.,"캐릭터 롱프레스 시 5가지 감정(응원, 쓰다듬기, 하트 등)이 펼쳐지는 '원터치 햅틱 감정표현 링(48px)' 및 캐릭터 맞춤 반응 모션/홍조 파티클 UX 구현.","캐릭터 인터랙션 체류 시간 55% 증가, 감정 교류 만족도 70% 향상 및 햅틱 손맛 극대화.",작업대기,"src/views/HomeView.tsx, src/components/CharacterEmotionWheel.tsx, src/components/CharacterReactionMotion.tsx"
SCR-01-27,메인 로비 & 홈 (HomeView),기획,과금전환,주말/기념일 저녁 시간대에 유저들이 로비에서 축제 분위기를 공유하고 즐길 시각적 이벤트 및 소셜 과금 모델 부재.,주말 저녁 하늘에 폭죽을 쏘아 올리는 '골든 불꽃놀이 발사대' 신설 및 닉네임 불꽃과 전원 골드 +25% 버프를 부여하는 '명예의 축제 폭죽 팩(990원)' 연동.,"주말 저녁 동시 접속률 40% 급증, 소셜 폭죽 패키지 결제 전환율 7.2% 달성 및 전 서버 축제 도파민 극대화.",작업대기,"src/views/HomeView.tsx, src/components/FireworksLauncherModal.tsx, src/views/ShopView.tsx"
SCR-02-25,배틀 아레나 (PlayGameView),개발,성능,10턴 이상 장기전 시 수십 건의 행동 로그 DOM 누적으로 턴 전환 시마다 60ms 렌더 렉 및 25fps 저하 발생.,로그 텍스트 기록과 직렬화를 Web Worker 링 버퍼로 격리하고 미니 로그 창을 2D Canvas 비트맵 폰트 롤링 파이프라인으로 전환하여 60fps 무감속 연출 구현.,"장기전 중 DOM 노드 증가 제로화, 턴 전환 렌더링 지연 85% 단축 및 60fps 무지연 전투 연속성 보장.",작업대기,"src/views/PlayGameView.tsx, src/workers/BattleLogWorker.ts, src/components/BattleLogCanvasScroller.tsx"
SCR-02-26,배틀 아레나 (PlayGameView),디자인,사용성,필드에 5장 카드가 배치된 중후반부에서 공격 대상을 개별 드래그하는 조작이 30초 제한 시간 내에 조작 피로도 극심.,화면 롱프레스 시 열리는 48px '원터치 총공격/점사 래디얼 커맨더 휠' 및 1턴간 최적 행동을 대행하는 '스마트 오토 브레인 핫키' 구축.,"타겟팅 소요 시간 70% 단축(15초 -> 4초), 제한 시간 초과 패배 90% 방지 및 모바일 한 손 지휘 편의성 극대화.",작업대기,"src/views/PlayGameView.tsx, src/components/RadialCommanderWheel.tsx, src/components/SmartAutoTurnButton.tsx"
SCR-02-27,배틀 아레나 (PlayGameView),기획,과금전환,승리 보상이 정형화된 점수와 소량 골드에 그쳐 반복 플레이 시 지루하며 승리 순간 성취감을 강화할 보상 증폭 기전 부재.,승리 즉시 황금 슬롯이 회전해 보상 상자를 추가 드랍하는 '승리의 럭키 드랍' 연출 및 카드 파편/골드 3배 수령 '배틀 익스프레스 패스(700원)' 연동.,"배틀 지속 플레이 동기 50% 향상, 전리품 부스터 결제 전환율 7.3% 달성 및 승리 순간 보상 쾌감 극대화.",작업대기,"src/views/PlayGameView.tsx, src/components/VictoryLuckyDropModal.tsx, src/views/ShopView.tsx"
SCR-03-25,마이덱 & 카드 관리 (MyDeckView),개발,성능,덱 구성 공유 시 500자 이상 긴 JSON 문자열로 메신저 링크 깨짐 및 역직렬화 시 40ms 파싱 렉 발생.,16바이트 압축 바이너리 바이트스트림을 인코딩하는 초경량 Base64URL WASM 코덱을 구축해 25자 단축 코드로 변환하고 0.1ms 내 로딩하는 60fps 파이프라인 구현.,"덱 공유 코드 길이 95% 단축(500자 -> 25자), 덱 코드 로딩 시 메인 스레드 락 제로화 및 원터치 덱 바이럴 활성화.",작업대기,"src/views/MyDeckView.tsx, src/wasm/DeckByteEncoder.wasm, src/lib/DeckCodeCompressor.ts"
SCR-03-26,마이덱 & 카드 관리 (MyDeckView),디자인,사용성,5장 덱의 5대 상성 속성 간 상호작용 및 방어 취약점이 한눈에 보이지 않아 100dvh 화면에서 덱 불균형 인지 불가.,상단에 5개 속성 노드가 실시간 연결되는 '매직 서클 상성 다이어그램(48px 탭)' 및 취약점 발생 시 붉은 펄스 경고와 대체 카드를 제안하는 인스펙터 UX 구축.,"덱 속성 밸런스 분석 시간 65% 단축, 초보자 덱 구성 실수 80% 예방 및 시각적 전술 이해도 극대화.",작업대기,"src/views/MyDeckView.tsx, src/components/MagicCircleSynergyVisualizer.tsx, src/components/DeckWeaknessInspector.tsx"
SCR-03-27,마이덱 & 카드 관리 (MyDeckView),기획,과금전환,카드 진화 시 단순 수치만 표기되어 진화의 궁극적 도파민 쾌감이 부족하고 진화 직후 재료 부족으로 성장 정체 발생.,"진화 성공 시 전용 오라가 폭발하는 '진화의 제단 풀스크린 시네마틱 컷인' 연출 및 진화 직후 30분 한정 '신화 각성 축하 점핑 팩(1,500원)' 플래시 세일 연동.","카드 진화 순간의 시각적 카타르시스 극대화, 진화 직후 점핑 팩 결제 전환율 7.5% 달성 및 지속 플레이율 45% 상승.",작업대기,"src/views/MyDeckView.tsx, src/components/AwakeningAltarCinematic.tsx, src/views/ShopView.tsx"
SCR-04-25,상점 & 가챠 (ShopView),개발,성능,소환 응답 수신 후 10장 카드 메타데이터 및 마일리지 계산 병목으로 60ms 이상 UI 블로킹 및 연출 시작 지연 발생.,결과 검증 및 전처리 연산을 Web Worker로 오프로딩하고 FlatBuffer 형태로 메인 스레드에 전달해 0ms 딜레이로 연출과 직결되는 파이프라인 구현.,"소환 연출 시작 지연 90% 단축(60ms -> 6ms), UI 프리징 제로화 및 네트워크 수신 즉시 60fps 무감속 연출 전환.",작업대기,"src/views/ShopView.tsx, src/workers/GachaPayloadWorker.ts, src/lib/GachaFlatBufferBridge.ts"
SCR-04-26,상점 & 가챠 (ShopView),디자인,사용성,"10장 개봉 결과 화면에서 SSR/신규 카드 식별이 어렵고, 연속 소환 진행 시 상점 메인으로 돌아가야 해 동선 단절 발생.",SSR만 보기/신규만 보기' 펄스 필터 칩(44px)으로 비대상 카드 딤 처리 및 하단 Thumb Zone에 0.1초 만에 다음 10연차를 실행하는 '1-Tap 리롤 앵커 독(48px)' 구축.,"고등급 획득 카드 식별 시간 70% 단축, 연속 소환 조작 시간 60% 단축(15초 -> 6초) 및 한 손 가챠 편의성 극대화.",작업대기,"src/views/ShopView.tsx, src/components/GachaResultFilterChips.tsx, src/components/QuickReRollAnchorDock.tsx"
SCR-04-27,상점 & 가챠 (ShopView),기획,과금전환,SSR 2장 이상 초대박 소환 시에도 단순 전광판 알림에 그쳐 전 서버 축하 연대감과 추가 과금 자극 효과 미미.,"SSR 2장 이상 시 전 서버에 10분간 황금비가 내리며 무료 다이아 복주머니를 선물하는 소셜 이벤트 도입 및 당첨자 전용 '잭팟 기념 슈퍼 리치 팩(2,200원)' 연동.","대박 발생 시 상점 동시 접속자 2.5배 급증, 복주머니 수령 유저의 추가 소환 전환율 35% 증가 및 잭팟 패키지 결제 전환율 7.4% 달성.",작업대기,"src/views/ShopView.tsx, src/components/SuperJackpotGoldenShower.tsx, src/views/ShopView.tsx"
SCR-05-25,카드 마켓플레이스 (CardMarketplaceView),개발,성능,"마켓플레이스 실시간 시세 변동 및 수백 건의 등록 매물 목록을 WebSocket 브로드캐스트로 갱신할 때, 각 매물 카드의 렌더링 재계산과 DOM 패치로 인해 초당 프레임이 35fps까지 급락하고 스크롤 스터터링(stuttering) 발생.",WebSocket 수신 메시지 디바운싱(Debouncing 100ms) 및 Virtual Windowing 리스트 렌더러에 Delta Patching 기법을 적용하여 변경된 호가/수량 필드만 부분 업데이트(requestAnimationFrame 기반 배치 패치).,"실시간 매물 갱신 시 메인 스레드 스크립트 실행 시간 75% 감소(48ms -> 12ms), 스크롤 중 60fps 완전 유지 및 메모리 릭 제로화.",작업대기,"src/views/CardMarketplaceView.tsx, src/components/MarketplaceVirtualList.tsx, src/services/MarketplaceSocketManager.ts"
SCR-05-26,카드 마켓플레이스 (CardMarketplaceView),디자인,사용성,"모바일 100dvh 환경에서 매물 검색 및 필터링 시 복잡한 다중 드롭다운(속성, 등급, 가격대, 정렬)이 화면의 절반 이상을 가려 매물 비교 탐색이 불편하고, 한 손 터치 조작 범위(Thumb Zone)를 벗어남.","하단 스와이프업 바텀시트 형태의 '원터치 스마트 필터 독(48px 터치 타깃)' 구축, 선택 빈도가 높은 '즉시 구매 가능 / 최근 7일 최저가' 원클릭 토글 칩 제공 및 매물 카드 좌우 스와이프 즉시 비교 모드 도입.","필터 조작 시간 55% 단축(8초 -> 3.6초), 100dvh 화면 유효 매물 노출 면적 40% 증가 및 한 손 조작 만족도 88점 달성.",작업대기,"src/views/CardMarketplaceView.tsx, src/components/MarketplaceFilterBottomSheet.tsx, src/components/MarketplaceSwipeComparator.tsx"
SCR-05-27,카드 마켓플레이스 (CardMarketplaceView),기획,과금전환,"단순 지정가 매매 방식에만 의존하여 유저 간의 거래 흥미도가 낮고, 시세보다 저렴한 급매물이 등록되어도 실시간 알림이나 경합 요소가 없어 거래 회전율 및 수수료 소모(재화 소진)가 정체됨.",30분 카운트다운 제한시간 동안 실시간 호가 경쟁이 붙는 '플래시 블라인드/오픈 경매장(Flash Auction)' 시스템 도입 및 낙찰 시 축하 팡파르 연출 + 출품자/구매자 양측에 마켓 마일리지 리워드 지급.,"일일 마켓 거래량 및 재화(골드/다이아 수수료) 소진율 45% 증가, 경매 마지막 1분 스릴 도파민 극대화 및 마켓 일일 재방문율(D1 Retention) 22% 상승.",작업대기,"src/views/CardMarketplaceView.tsx, src/components/FlashAuctionCard.tsx, src/services/AuctionContractService.ts"
SCR-06-25,PVP 대전 룸 & 매칭 (BattleRoomView),개발,성능,"대전 상대 매칭 완료 후 룸 동기화 시 양측 덱 데이터와 실시간 상태를 WebSocket으로 교환할 때, 상대방 아바타 텍스처 및 덱 스프라이트 로딩으로 인해 70ms 이상의 메인 스레드 프리징이 발생하고 룸 진입 애니메이션이 끊김.","매칭 큐 대기 시간 동안 백그라운드 Web Worker에서 상대방 덱 메타데이터와 카드 썸네일을 사전 프리페치(Predictive Prefetching)하고, WebGL 텍스처 업로드를 오프스크린 캔버스(OffscreenCanvas)로 처리하여 룸 생성 즉시 60fps 전환 보장.","룸 진입 시 프레임 드롭 제로화(30fps -> 60fps 완전 유지), 룸 초기화 소요 시간 75% 단축(320ms -> 80ms) 및 대전 전환 쾌적성 극대화.",작업대기,"src/views/BattleRoomView.tsx, src/services/MatchmakingSocketService.ts, src/workers/DeckTexturePrefetchWorker.ts"
SCR-06-26,PVP 대전 룸 & 매칭 (BattleRoomView),디자인,사용성,"모바일 100dvh 화면에서 매칭 대기 중 상대방 검색 레이더 연출이 화면 전체를 차지하여 유저가 대전 룰 확인, 덱 교체, 룬 프리셋 점검을 수행하기 어렵고 대기 시간 동안 지루함 유발.","매칭 대기 연출을 화면 상단 펄스 미니 인디케이터(40px)로 축소하고, 하단에 스와이프 가능한 '원탭 덱/룬 퀵 체인지 독(Thumb Zone)' 및 실시간 상대 밴픽/룰 가이드를 배치한 반응형 듀얼 레이아웃 구축.","매칭 대기 중 덱 점검 조작 시간 60% 단축, 매칭 취소율 38% 감소 및 100dvh 공간 활용도 45% 향상.",작업대기,"src/views/BattleRoomView.tsx, src/components/MatchmakingMiniRadar.tsx, src/components/QuickDeckSwitchDock.tsx"
SCR-06-27,PVP 대전 룸 & 매칭 (BattleRoomView),기획,재미도파민,"대전 룸 진입 시 양측 랭킹 점수(MMR)만 단순 노출되어 전투 시작 전 심리전과 도파민 자극이 부족하고, 연승 중인 유저의 위압감이나 승부욕 고취 장치가 미흡함.","대전 룸 매칭 성사 시 3초간 양측 대표 에이스 카드가 격돌하는 'VS 시네마틱 슬래시 연출' 도입, 연승/상성 우세 엠블럼 효과 표시 및 승리 시 추가 랭크 포인트를 획득하는 '더블 다운(Double Down) 티켓' 베팅 시스템 연동.","대전 진입 전 긴장감과 몰입도 극대화, 더블 다운 티켓 소진을 통한 유료 티켓 구매 전환율 18% 증가 및 PVP 일일 참여 횟수 25% 상승.",작업대기,"src/views/BattleRoomView.tsx, src/components/BattleVSCinematic.tsx, src/services/RankBettingService.ts"
SCR-07-25,인게임 전투 화면 (Combat Canvas / BattleView),개발,성능,전투 중 복수 유닛 스킬 시전 및 파티클 이펙트 중첩 시 드로우 콜(Draw Call) 폭증 및 Garbage Collection 스파이크로 인해 40fps 이하 프레임 드롭과 터치 입력 지연(Input Lag > 100ms) 발생.,"WebGL 인스턴스드 렌더링(Instanced Rendering) 적용 및 셰이더 기반 파티클 시스템 일원화, 스킬 이펙트 텍스처 아틀라스 캐싱 및 오브젝트 풀링(Object Pooling) 고도화로 GC 스파이크 원천 제거.","최대 8개 유닛 동시 스킬 발동 시 60fps 완전 유지(프레임 드롭 제로), 드로우 콜 80% 감소(180 -> 35), 입력 레이턴시 30ms 이내 방어.",작업대기,"src/views/BattleView.tsx, src/engine/CombatCanvasRenderer.ts, src/engine/ParticleSystem.ts"
SCR-07-26,인게임 전투 화면 (Combat Canvas / BattleView),디자인,사용성,"모바일 100dvh 세로 화면에서 15초 제한 시간 동안 스킬 카드를 드래그하여 목표 적 유닛에 타겟팅할 때, 손가락이 유닛을 가려 오타겟팅(Mis-targeting)이 빈번하게 발생하고 조작 피로도 가중.","스마트 타겟팅 보조 시스템 도입: 카드 터치 시 유효 대상 위에 48px 스마트 록온 앵커(Lock-on Anchor) 자동 활성화 및 1-Tap 원터치 지정 모드 지원, 하단 핸드 카드 슬롯 스와이프 제스처 판정 영역 확장.","턴당 타겟팅 실패율 85% 감소(14% -> 2%), 카드 조작 소요 시간 40% 단축(3.2초 -> 1.9초) 및 한 손 조작 만족도 극대화.",작업대기,"src/views/BattleView.tsx, src/components/SmartTargetLockOn.tsx, src/components/CombatCardHand.tsx"
SCR-07-27,인게임 전투 화면 (Combat Canvas / BattleView),기획,재미도파민,단순 공방 위주의 정형화된 전투 흐름으로 인해 불리한 전황에서 유저가 조기 기권(서렌더)하는 비율이 높고 역전의 긴장감 및 도파민 자극 부족.,"체력 30% 이하 위기 시 1회 발동하는 '라스트 스탠드: 히어로 각성(Last Stand Awakening)' 연출(슬로우 모션 및 BGM 가속) 도입, 궁극기 게이지 즉시 충전 및 역전 성공 시 전용 각성 코스튬 패키지 연동.","역전승 빈도 28% 증가, 조기 기권율 42% 감소, 전투 몰입도 및 완주율 대폭 향상, 전투 종료 후 각성 기념 패키지 결제 전환율 6.8% 달성.",작업대기,"src/views/BattleView.tsx, src/engine/HeroAwakeningManager.ts, src/components/AwakeningCinematicOverlay.tsx"
SCR-08-25,전투 결과 & 보상 (BattleResultView),개발,성능,"전투 종료 직후 결과 화면 전환 시 정산 계산, 경험치/골드 카운팅 애니메이션, 드롭 아이템 렌더링이 메인 스레드에 집중되어 85ms 이상 프레임 드랍(프리징) 및 연출 시작 지연 발생.","정산 연산 및 보상 환산 로직을 백그라운드 Web Worker로 분리하고, 경험치/재화 카운팅 애니메이션을 CSS 하드웨어 가속 트랜스폼 및 경량 Lottie 캔버스로 처리하여 결과 진입 시 60fps 무감속 전환 보장.","결과 화면 진입 지연 시간 80% 단축(450ms -> 90ms), 프레임 드랍 제로화(60fps 완전 유지) 및 모바일 발열/배터리 소모 18% 감소.",작업대기,"src/views/BattleResultView.tsx, src/workers/BattleSettlementWorker.ts, src/components/RewardCountingAnimation.tsx"
SCR-08-26,전투 결과 & 보상 (BattleResultView),디자인,사용성,"100dvh 모바일 화면에서 MVP 카드, 획득 보상, 경험치 게이지가 세로로 길게 나열되어 한눈에 보기 어렵고, '다시하기' 버튼이 하단 스크롤 영역에 묻혀 반복 파밍 시 조작 동선 낭비 심각.",100dvh 최적화 콤팩트 카드형 레이아웃 재설계: 상단 핵심 보상/MVP 하이라이트 요약 뷰 및 하단 Thumb Zone에 고정된 '원탭 재도전 / 다음 스테이지 / 로비' 3버튼 플로팅 독(52px) 구축 및 스킵 제스처 통합.,"스테이지 재진입 조작 소요 시간 65% 단축(6.5초 -> 2.2초), 결과 화면 스크롤 조작 100% 제거 및 반복 플레이 편의성 극대화.",작업대기,"src/views/BattleResultView.tsx, src/components/CompactRewardSummaryCard.tsx, src/components/QuickRetryFloatingDock.tsx"
SCR-08-27,전투 결과 & 보상 (BattleResultView),기획,재미도파민,"승리 시 보상이 고정적이라 도파민 자극이 쉽게 식고, 패배 시에는 단순 패배 문구만 표시되어 박탈감 및 게임 이탈(Chun) 위험 높음.","승리 시 최대 3배 보상 부스팅 찬스를 제공하는 '행운의 미스터리 럭키 룰렛' 연출 및 연승 버프 연동, 패배 시 패배 원인 분석 덱 케어 가이드와 '원기회복 리벤지 부스터 팩(1,100원 타임딜)' 제안 시스템 구축.","승리 후 도파민 반응 및 세션 유지 시간 30% 증가, 패배 후 이탈율 35% 감소, 리벤지 부스터 팩 타임딜 결제 전환율 8.2% 달성.",작업대기,"src/views/BattleResultView.tsx, src/components/VictoryLuckyRoulette.tsx, src/components/DefeatCareRevengePack.tsx"
SCR-09-25,길드 & 레이드 (GuildRaidView),개발,성능,"대규모 길드 보스 레이드 시 실시간 보스 체력/딜량 동기화 및 길드원 스킬/채팅 스트림 동시 유입으로 WebSocket 큐 적체와 Canvas 리렌더링 병목(80ms 프리징, 30fps 급락) 발생.","보스 체력/순위표 업데이트를 100ms 간격 배치 버퍼링(Time-throttled Batching)하여 WebGL 단일 유니폼 버퍼에 반영하고, 길드원 응원/스킬 메시지를 오프스크린 캔버스 텍스처로 파이프라인화하여 메인 스레드 부하 분산.","레이드 전투 중 메인 스레드 스크립트 실행 시간 70% 단축(65ms -> 18ms), 동시 30인 이상 레이드에서도 60fps 유지율 98% 달성.",작업대기,"src/views/GuildRaidView.tsx, src/services/RaidSyncSocketManager.ts, src/engine/RaidBossCanvasRenderer.ts"
SCR-09-26,길드 & 레이드 (GuildRaidView),디자인,사용성,"모바일 100dvh 세로 화면에서 보스 그래픽, 누적 데미지 랭킹, 길드 채팅, 덱 슬롯이 난잡하게 배치되어 보스 기믹 패턴 확인 및 파티 변경 시 손가락 동선이 과도하게 꼬임.","100dvh 공간 3단 모듈형 재설계: 상단 '보스 기믹 HUD(44px)', 중단 '다이내믹 보스 캔버스', 하단 Thumb Zone에 슬라이드형 '원터치 속성 덱 스위처 & 퀵 버프 패널(52px)'을 배치하고 채팅창은 플로팅 버블 토글로 분리.","보스 패턴 대응 덱 교체 소요 시간 50% 단축(7초 -> 3.5초), 모바일 100dvh 내 핵심 시각 정보 집중도 40% 향상 및 한 손 조작성 극대화.",작업대기,"src/views/GuildRaidView.tsx, src/components/RaidBossGimmickHUD.tsx, src/components/RaidQuickDeckSwitcher.tsx"
SCR-09-27,길드 & 레이드 (GuildRaidView),기획,재미도파민,"단순 개인 누적 딜량 합산 방식에 그쳐 길드원 간 긴밀한 공략 협력감이 부족하고, 비참여 길드원 독려 장치나 토벌 순간의 폭발적 도파민 요소 결여.","보스 그로기 타임 동안 동시 협공으로 콤보 배율을 5배까지 증폭하는 '길드 합체 총공격(All-Out Raid Chain)' 피버 시스템 도입, 토벌 시 전원 공유 '길드 승리 전리품 상자' 및 토벌 기념 '기여도 더블 부스터 팩(3,300원)' 기간 한정 연동.","피크 타임 길드원 동시 참여율 65% 증가, 협력 공략 만족도 향상, 토벌 직후 연동 부스터 패키지 결제 전환율 8.5% 달성.",작업대기,"src/views/GuildRaidView.tsx, src/components/AllOutRaidChainOverlay.tsx, src/services/GuildRaidRewardService.ts"
SCR-10-25,퀘스트 & 패스 (QuestPassView),개발,성능,수십 개 퀘스트 항목과 50단계 배틀패스 트랙(무료/프리미엄 2열) 렌더링 시 보상 아이콘 DOM 엘리먼트 과다 생성(500개 이상)으로 탭 전환 시 65ms 이상 지연 및 스크롤 시 40fps 이하 프레임 드랍 발생.,퀘스트 리스트 및 패스 트랙에 양방향 가상화 윈도잉(Bidirectional Virtual Windowing) 적용 및 보상 상태 머신을 비트마스크(Bitmask) 연산으로 경량화하여 O(1) 상태 조회 처리.,"DOM 엘리먼트 80% 감소(500개 -> 45개), 탭 전환 지연 시간 70% 단축(120ms -> 35ms) 및 60fps 부드러운 스크롤 완전 방어.",작업대기,"src/views/QuestPassView.tsx, src/components/PassTrackVirtualList.tsx, src/services/QuestStateBitmaskManager.ts"
SCR-10-26,퀘스트 & 패스 (QuestPassView),디자인,사용성,"100dvh 세로 화면에서 퀘스트 달성 완료 시 개별 항목마다 '보상 받기' 버튼을 일일이 눌러야 하고, 현재 내 패스 레벨 보상을 찾으려면 긴 트랙을 끝없이 스크롤해야 해 모바일 동선 낭비 심각.",하단 Thumb Zone에 '원탭 전체 수령(Claim All) 펄스 플로팅 독(52px)' 배치 및 패스 트랙 상단에 '현재 내 레벨 즉시 점프' 앵커 버튼과 레벨업 게이지 HUD 반응형 통합.,"일일 보상 수령 터치 횟수 85% 감소(15회 -> 1회), 패스 보상 확인 조작 시간 60% 단축(8초 -> 3.2초) 및 한 손 조작 만족도 92점 달성.",작업대기,"src/views/QuestPassView.tsx, src/components/QuestClaimAllFloatingDock.tsx, src/components/PassLevelJumpAnchor.tsx"
SCR-10-27,퀘스트 & 패스 (QuestPassView),기획,과금전환,"무료 트랙 유저에게 프리미엄 트랙 보상이 자물쇠 아이콘으로만 단순 차단되어 있어 구매 욕구 자극이 약하고, 시즌 종료 임박 시 미달성 유저를 위한 레벨 부스팅 장치 부재.",프리미엄 트랙 미구매 유저가 패스 레벨업 시 '지금 잠금 해제 시 즉시 획득 가능한 누적 프리미엄 보상 총액(다이아 환산 가치)' 실시간 카운팅 팝업 노출 및 시즌 패스 전용 '반값 프리미엄 얼리버드/라스트 스퍼트 패스권' 연동.,"프리미엄 배틀패스 구매 전환율 24% 상승, 누적 보상 시각화를 통한 구매 유혹 극대화 및 시즌 마감 전 패스권 결제 매출 35% 증대.",작업대기,"src/views/QuestPassView.tsx, src/components/PremiumAccumulatedValuePopup.tsx, src/services/BattlePassPromotionService.ts"
SCR-11-25,소셜 & 랭킹 / 프로필 (SocialRankingView),개발,성능,"상위 100인 랭커 및 친구 목록 스크롤 시 아바타, 칭호 뱃지, 대표 카드 일러스트 리소스의 개별 HTTP 동기 로딩으로 네트워크 워터폴 병목 및 스크롤 시 35fps 이하 프레임 드랍 발생.","아바타/대표 카드 썸네일에 가상화 윈도잉(Virtual Windowing)과 지연 로딩(Lazy Loading + IntersectionObserver)을 적용하고, 칭호/뱃지 그래픽을 단일 WebP 스프라이트 시트로 번들링하여 O(1) 렌더링 파이프라인 구축.","이미지 네트워크 요청 수 85% 감소(120건 -> 18건), 랭킹 스크롤 시 60fps 완전 유지 및 초기 목록 로딩 레이턴시 70% 단축(620ms -> 180ms).",작업대기,"src/views/SocialRankingView.tsx, src/components/RankingVirtualList.tsx, src/services/AvatarSpriteCacheManager.ts"
SCR-11-26,소셜 & 랭킹 / 프로필 (SocialRankingView),디자인,사용성,"100dvh 세로 화면에서 랭커 프로필 클릭 시 전체 화면 모달로 랭킹 탐색 흐름이 단절되고, '친선 대전 / 덱 엿보기 / 친구 추가' 액션 버튼이 상단에 치우쳐 한 손 조작 불편.",스와이프 가능한 100dvh 최적화 하단 하프 바텀시트(Half BottomSheet) 프로필 뷰 도입: 랭커 에이스 카드 3D 틸트 프리뷰와 함께 하단 Thumb Zone에 48px '원터치 친선전 신청 / 덱 카피 / 친구 추가' 액션 독 배치.,"프로필 열람 및 닫기 조작 시간 50% 단축(4.2초 -> 2.1초), 모바일 한 손 터치 편의성 및 랭킹 탐색 연속성 대폭 향상.",작업대기,"src/views/SocialRankingView.tsx, src/components/UserProfileBottomSheet.tsx, src/components/RankerActionDock.tsx"
SCR-11-27,소셜 & 랭킹 / 프로필 (SocialRankingView),기획,재미도파민,"상위 랭킹 고착화로 중위권 유저의 랭킹 메뉴 관심도가 낮아지고 동기부여가 부족하며, 친구 간 단순 우정 포인트 교환 외에 실질적인 소셜 도파민 및 유료 경쟁 연동 요소 결여.","중위권 유저 대상 '주간 라이벌 매칭(Rival Clash)' 시스템 도입: 점수가 유사한 3명을 주간 라이벌로 지정하여 추격 승리 시 명예 포인트 및 연승 칭호 보상 지급, 라이벌 격파 성공 시 전용 '라이벌 격파 패키지(2,200원)' 기간 한정 연동.","중위권 유저의 랭킹/소셜 메뉴 일일 방문율 45% 증가, 친선/라이벌 대전 참여율 60% 상승 및 라이벌 격파 패키지 결제 전환율 7.6% 달성.",작업대기,"src/views/SocialRankingView.tsx, src/components/RivalClashWidget.tsx, src/services/RivalClashService.ts"
SCR-12-25,설정 & 리워드 센터 (SettingRewardCenterView),개발,성능,설정 화면에서 그래픽/사운드 볼륨 슬라이더 조작 시 동기 스토리지 쓰기 및 오디오 버퍼 재초기화로 인해 55ms 이상 UI 프리징 및 오디오 지직거림(글리치) 발생.,"슬라이더 이벤트 150ms 디바운싱 및 Web Audio API 선형 볼륨 램핑(linearRampToValueAtTime) 적용, 스토리지 저장을 비동기 IndexedDB 배치 트랜잭션으로 격리.","슬라이더 조작 시 60fps 완전 유지(프레임 드랍 제로), 오디오 볼륨 변경 글리치 100% 제거 및 스토리지 I/O 블로킹 원천 해소.",작업대기,"src/views/SettingRewardCenterView.tsx, src/services/AudioMixerService.ts, src/services/SettingsStorageManager.ts"
SCR-12-26,설정 & 리워드 센터 (SettingRewardCenterView),디자인,사용성,"100dvh 세로 화면에서 쿠폰 입력, 출석 캘린더, 계정 연동, 알림 설정이 하나의 긴 스크롤에 무질서하게 나열되어 쿠폰 등록 및 일일 보상 수령 시 동선 낭비 심각.",상단 세그먼트 탭('리워드 센터 / 게임 설정 / 계정') 분리 및 리워드 센터 탭에 '1-Tap 쿠폰 붙여넣기 위젯(52px)'과 출석 도장 캘린더를 하단 Thumb Zone에 최적화 배치.,"쿠폰 등록 및 일일 리워드 수령 소요 시간 60% 단축(9.5초 -> 3.8초), 모바일 100dvh 내 탭 탐색 직관성 및 터치 접근성 대폭 개선.",작업대기,"src/views/SettingRewardCenterView.tsx, src/components/RewardCouponInputWidget.tsx, src/components/AttendanceCalendarCard.tsx"
SCR-12-27,설정 & 리워드 센터 (SettingRewardCenterView),기획,과금전환,"게스트 유저의 소셜 계정 연동 유도 장치가 단순 텍스트에 그쳐 계정 유실 위험이 높고, 리워드 센터 내 복귀/신규 유저 연동 번들 부재로 결제 기회 손실.","소셜 계정 연동 즉시 최고 등급 소환권 10장과 한정판 프로필 테두리를 증정하는 '보안 강화 안심 연동 페스타' 도입 및 '첫 연동 기념 스타터 스페셜 번들(1,100원 타임딜)' 연동.","게스트 유저의 정식 계정 연동 전환율 45% 상승(계정 유실 문의 70% 감소), 첫 연동 기념 번들 결제 전환율 12.5% 달성.",작업대기,"src/views/SettingRewardCenterView.tsx, src/components/AccountLinkFestaModal.tsx, src/services/AccountLinkRewardService.ts"
SCR-01-28,홈 화면 (HomeView),개발,성능,"홈 화면 진입 시 대표 캐릭터 Spine 애니메이션, WebGL 배경 파티클, 상단 배너 캐러셀이 동시 초기화되면서 메인 스레드 TBT가 180ms 이상 치솟고 초기 인터랙션 지연(INP > 250ms) 발생.","렌더링 파이프라인 단계적 스케줄링(Staggered Hydration): 1단계 핵심 UI 뼈대 즉시 노출, 2단계 Spine 텍스처 오프스크린 워커 비동기 디코딩 및 바인딩, 3단계 배경 파티클 requestIdleCallback 지연 초기화.","홈 진입 시 TBT 75% 감소(180ms -> 45ms), INP 50ms 이내 방어 및 로딩 직후 첫 터치 반응성 60fps 완전 유지.",작업대기,"src/views/HomeView.tsx, src/engine/SpineLoaderService.ts, src/engine/WeatherParticleEngine.ts"
SCR-01-29,홈 화면 (HomeView),디자인,사용성,"100dvh 세로 화면에서 상단에 보상/이벤트/공지 UI가 과밀 배치되어 터치가 불편하고, 핵심 동선인 '스테이지 출격' 버튼이 하단 탭 바와 겹쳐 오작동(Mis-click) 발생.","모바일 100dvh Thumb Zone 중심 인체공학적 레이아웃 개편: 상단 시스템 바를 슬림 글래스모피즘(36px)으로 축소하고, 우측 하단 엄지 반경에 '자석형 펄스 배틀 런처(64px 대형 터치 타깃)' 구축 및 좌우 스와이프 퀵 드로어 도입.","메인 플레이 진입 오작동률 90% 감소(12% -> 1.2%), 스테이지 출격 소요 시간 50% 단축(3.2초 -> 1.6초) 및 한 손 조작 만족도 95점 달성.",작업대기,"src/views/HomeView.tsx, src/components/PulseBattleLauncher.tsx, src/components/QuickActionDrawer.tsx"
SCR-01-30,홈 화면 (HomeView),기획,사용자유치,"신규 유저가 튜토리얼 직후 홈 도달 시 가이드 부재로 D1 세션 이탈률이 32%에 달하며, 신규 유저 첫 결제 패키지 노출 타이밍이 어색함.","신규/복귀 유저 전용 '7일 연속 로드맵: 히어로 탄생 가이드' 상시 프로그레스 바를 홈 하단에 배치하고, 1일차 챕터 1 클리어 시 SSR 확정권을 증정하는 '웰컴 파이터 스타터 팩(990원 타임딜)' 조건부 잠금 해제 시스템 구축.","신규 유저 D1 리텐션 38% 향상(52% -> 72%), 첫 30분 플레이 완주율 45% 증가 및 웰컴 스타터 팩 첫 결제 전환율 15.2% 달성.",작업대기,"src/views/HomeView.tsx, src/components/HeroGrowthRoadmapTrack.tsx, src/services/WelcomeStarterOfferService.ts"
SCR-02-28,스토리/스테이지 맵 (StoryMapView),개발,성능,대형 월드맵 캔버스 스크롤 및 핀치 줌 시 수십 개 스테이지 노드/경로 연결선이 매 프레임 전체 재계산되어 35fps 이하 프레임 드랍 및 제스처 버벅임 발생.,"월드맵 계층형 타일 맵 청킹(Hierarchical Tile Map Chunking) 및 절두체 컬링(Frustum Culling) 적용, 고정 배경을 단일 비트맵 캐시 텍스처로 단일 패스 블릿(Blit) 처리.","월드맵 패닝 및 핀치 줌 시 60fps 완전 유지(프레임 드랍 제로), 드로우 콜 75% 감소(140 -> 35) 및 GPU 메모리 점유율 40% 절감.",작업대기,"src/views/StoryMapView.tsx, src/engine/WorldMapChunkRenderer.ts, src/engine/MapFrustumCuller.ts"
SCR-02-29,스토리/스테이지 맵 (StoryMapView),디자인,사용성,"100dvh 세로 화면에서 다음 도전 스테이지가 화면 밖에 위치할 때 직접 찾아야 하며, 스테이지 상세 모달이 전체 화면을 가려 챕터 탐색 동선이 번거로움.","맵 진입 시 '현재 진행 스테이지 자동 부드러운 포커싱(Smooth Auto-Focus)' 지원, 하단 Thumb Zone에 '현재/다음 스테이지 즉시 출격 퀵 점프 플로팅 HUD(48px)' 및 챕터 미니맵 아코디언 구축.","다음 스테이지 탐색 소요 시간 70% 단축(5.8초 -> 1.7초), 불필요한 맵 패닝 조작 80% 감소 및 모바일 한 손 조작 만족도 대폭 개선.",작업대기,"src/views/StoryMapView.tsx, src/components/StageQuickJumpHUD.tsx, src/components/ChapterMiniMapAccordion.tsx"
SCR-02-30,스토리/스테이지 맵 (StoryMapView),기획,재미도파민,"단순 일직선 클리어 구조로 반복 탐색의 재미가 부족하고, 챕터 3별 클리어 후 재방문 동기 및 도파민 보상 자극이 평이함.","스테이지 클리어 시 일정 확률로 2시간 동안 숨겨진 '차원 균열 히든 보물 던전'이 출현하는 인터랙티브 탐험 이벤트 도입 및 챕터 3별 완벽 클리어 시 전용 '챕터 정복 기념 SSR 룬 돌파 팩(2,200원 타임딜)' 기간 한정 연동.","월드맵 재방문 및 탐색 세션 40% 증가, 히든 던전 발견 시 탐험 도파민 극대화 및 챕터 정복 패키지 결제 전환율 9.4% 달성.",작업대기,"src/views/StoryMapView.tsx, src/components/DimensionalRiftEventNode.tsx, src/services/ChapterConquestOfferService.ts"
SCR-03-28,마이덱 & 카드 관리 (MyDeckView),개발,성능,300장 이상 카드 인벤토리에서 드래그 앤 드롭으로 덱 슬롯에 장착할 때 터치 추적 및 시너지 계산이 메인 스레드에서 동기 실행되어 30fps 이하 프레임 드랍과 터치 렉(>80ms) 발생.,"드래그 중인 카드를 CSS transform: translate3d 하드웨어 가속 레이어로 격리하고, 덱 시너지/전투력 계산을 백그라운드 Web Worker로 오프로딩하여 메인 스레드 부하 제거.","카드 드래그 앤 드롭 덱 편성 시 60fps 완전 유지, 입력 지연 시간 75% 단축(80ms -> 18ms) 및 터치 조작감 대폭 개선.",작업대기,"src/views/MyDeckView.tsx, src/components/CardInventoryGrid.tsx, src/workers/DeckSynergyCalculatorWorker.ts"
SCR-03-29,마이덱 & 카드 관리 (MyDeckView),디자인,사용성,100dvh 세로 화면에서 덱 슬롯과 인벤토리가 좁은 화면을 양분하여 스펙 확인 시 팝업을 계속 열고 닫아야 해 덱 편집 흐름이 지속적으로 단절됨.,스와이프 제스처 기반 덱 슬롯 고정 2단 접이식 바텀시트 구축: 롱프레스 시 즉시 뜨는 '스마트 스펙 돋보기 팝오버(Touch-and-Hold Preview)' 및 원터치 일괄 자동 편성 퀵 버튼(48px) 통합.,"카드 세부 스펙 확인 시간 65% 단축(3.8초 -> 1.3초), 모바일 100dvh 공간 활용도 45% 개선 및 덱 세팅 피로도 완화.",작업대기,"src/views/MyDeckView.tsx, src/components/DeckFoldableBottomSheet.tsx, src/components/CardSpecMagnifierPopover.tsx"
SCR-03-30,마이덱 & 카드 관리 (MyDeckView),기획,재미도파민,"카드 한계 돌파 및 강화 시 단순 수치 상승에 그쳐 육성의 시각적 성취감과 도파민이 부족하며, 성장 재화 고갈 시 즉각적인 회복/육성 패키지 제안 부재.","카드 최대 성급(초월) 달성 시 전용 '홀로그램 라이브 카드 프레임 & 각성 이펙트' 해금 연출 도입, 성장 재화 부족 시 부족분만 충전해주는 '맞춤형 초월 돌파 다이렉트 팩(1,500원 타임딜)' 스마트 제안 시스템 연동.","고등급 카드 육성 몰입도 및 도파민 반응 극대화, 재화 고갈 시점 결제 전환율 22% 증가 및 카드 초월 완주율 35% 향상.",작업대기,"src/views/MyDeckView.tsx, src/components/CardTranscendenceHoloEffect.tsx, src/services/CustomBreakthroughOfferService.ts"
SCR-04-28,상점 & 가챠 (ShopView),개발,성능,픽업 배너 3D 카드 모델 및 소환 연출 시 WebGL 텍스처/파티클 메모리 해제가 지연되어 탭 반복 이동 시 브라우저 메모리 250MB 이상 누적 및 소환 시 50ms 이상 프레임 드랍 발생.,WebGL 텍스처/셰이더 자동 가비지 컬렉션(Texture Disposal Hook) 적용 및 소환 파티클 풀(GachaParticlePool) 정적 사전 할당을 통해 런타임 메모리 할당 오버헤드 원천 제거.,"상점 탭 내 메모리 누수 100% 차단(메모리 점유율 65% 절감), 가챠 연출 개시 시 60fps 완전 유지(프레임 드랍 제로) 및 저사양 기기 크래시 방지.",작업대기,"src/views/ShopView.tsx, src/engine/GachaParticlePool.ts, src/engine/WebGLResourceManager.ts"
SCR-04-29,상점 & 가챠 (ShopView),디자인,사용성,"100dvh 세로 화면에서 픽업/일반/재화 상점 탭 전환이 번거롭고, 소환 확률표 확인 버튼이 미세한 아이콘으로 숨겨져 있어 가독성/접근성 저하.","100dvh 최적화 '원터치 카테고리 앵커 탭 바(44px)' 구축, 확률표 원클릭 모달(시인성 높은 투명 표기) 및 하단 Thumb Zone에 '1회/10회 연속 소환 듀얼 햅틱 버튼(56px)' 배치.","소환 탭 전환 조작 시간 50% 단축(4.5초 -> 2.2초), 확률 정보 접근성 100% 개선(법적 고지 투명성 강화) 및 한 손 조작 만족도 93점 달성.",작업대기,"src/views/ShopView.tsx, src/components/GachaDualHapticButtons.tsx, src/components/GachaProbabilityModal.tsx"
SCR-04-30,상점 & 가챠 (ShopView),기획,과금전환,천장 도달 전 연속 저등급 소환 시 유저의 피로도와 실망감이 누적되어 과금 중단 및 세션 이탈 발생.,"30연차 이상 SSR 미등장 시 발동하는 '행운의 룬 에너지' 충전 게이지 시스템 도입(SR 2장 확정 및 마일리지 1.5배 적립), 픽업 종료 24시간 전 '천장 직행 라스트 찬스 패키지(3,300원 타임딜)' 스마트 연동.","소환 실패 구간 유저 이탈률 40% 감소, 연속 소환 진행률 35% 증가 및 픽업 마감 직전 라스트 찬스 패키지 결제 전환율 11.2% 달성.",작업대기,"src/views/ShopView.tsx, src/components/LuckyRuneChargeMeter.tsx, src/services/GachaPityPromotionService.ts"
SCR-05-28,카드 마켓플레이스 (CardMarketplaceView),개발,성능,마켓 내 대량 매물 검색 시 클라이언트 캐싱 부재로 매번 백엔드 풀 쿼리를 호출하여 검색 지연(>500ms) 및 결과 렌더링 시 80ms 이상 UI 프리징 발생.,"Web Worker 기반 클라이언트 로컬 인덱스 검색 엔진(FlexSearch/WASM) 도입으로 마켓 메타데이터를 클라이언트 메모리에 프리캐싱하고, 100ms 디바운싱 기반 Instant Fuzzy Search 파이프라인 구축.","마켓 매물 검색 응답 시간 90% 단축(500ms -> 35ms), 키워드 입력 즉시 60fps 렌더링 유지 및 백엔드 API 부하 70% 경감.",작업대기,"src/views/CardMarketplaceView.tsx, src/workers/MarketplaceSearchWorker.ts, src/services/LocalMarketIndexManager.ts"
SCR-05-29,카드 마켓플레이스 (CardMarketplaceView),디자인,사용성,100dvh 모바일 화면에서 매물 카드 구매 시 시세 확인부터 최종 확인까지 3단계 연속 팝업으로 구매 전환 동선이 극도로 길고 결제 이탈 발생.,모바일 100dvh 하단 고정형 '1-Step 슬라이드 구매 독(Slide-to-Buy Dock)' UX 도입: 최근 7일 평균 시세 대비 현재가를 콤팩트 표시하고 엄지 슬라이드 한 번으로 체결되는 햅틱 인터랙션 구현.,"매물 구매 완료 소요 시간 70% 단축(12초 -> 3.5초), 구매 단계별 이탈률 60% 감소 및 직관적 결제 경험 제공.",작업대기,"src/views/CardMarketplaceView.tsx, src/components/SlideToBuyDock.tsx, src/components/CompactPriceHistoryChart.tsx"
SCR-05-30,카드 마켓플레이스 (CardMarketplaceView),기획,과금전환,"원하는 카드의 매물이 없을 때 단순 품절로 방치되어 거래 기회가 증발하며, 트레이딩 유저의 지속적 방문 및 재화 회전 동기 부족.","희망 매수가를 등록하면 조건 부합 매물 등록 시 자동 체결되는 '스마트 매수 예약(Buy Order Limit)' 시스템 도입 및 체결 알림 푸시, 매수 예약 슬롯 확장을 위한 '트레이더 VIP 라이선스(월간 3,300원 패스)' 연동.","마켓 일일 거래 체결률 40% 증가, 미등록 희망 매물 유동성 공급 극대화 및 트레이더 라이선스 구독 결제 전환율 8.7% 달성.",작업대기,"src/views/CardMarketplaceView.tsx, src/components/BuyOrderLimitWidget.tsx, src/services/TraderLicenseSubscriptionService.ts"
SCR-06-28,PVP 대전 룸 & 매칭 (BattleRoomView),개발,성능,대전 룸 내 실시간 핑 측정 및 하트비트 수신 시 리액티브 상태 업데이트로 인한 전체 뷰 리렌더링 및 GC 스파이크로 45ms 이상 프레임 드랍 발생.,"WebSocket 하트비트를 경량 바이너리 프로토콜(ArrayBuffer 4바이트)로 전환하고, 핑 인디케이터/준비 상태를 React VDOM 트리에서 분리하여 직접 DOM 노드만 패치하는 Uncontrolled Micro-update 패턴 적용.","대기 중 메인 스레드 CPU 점유율 60% 절감, 불필요한 VDOM 리렌더링 완전 차단 및 60fps 부드러운 대기 모션 유지.",작업대기,"src/views/BattleRoomView.tsx, src/services/RoomHeartbeatBinaryService.ts, src/components/DirectPingIndicator.ts"
SCR-06-29,PVP 대전 룸 & 매칭 (BattleRoomView),디자인,사용성,100dvh 세로 화면에서 '준비 완료(Ready)'와 '매칭 취소/퇴장' 버튼이 인접 배치되어 긴장 상태에서 실수로 퇴장하여 페널티를 받는 오작동 빈번.,"우측 하단 Thumb Zone에 초대형 펄스 READY 액션 버튼(60px) 고정하고, 퇴장 버튼은 상단 좌측 미니 백 버튼에 '1초 롱프레스 홀드' 안전장치를 적용하여 물리적 분리.","대전 룸 실수 퇴장율 98% 감소(오터치 제로화), 준비 완료 조작 시간 40% 단축 및 플레이어 심리적 안정감 제공.",작업대기,"src/views/BattleRoomView.tsx, src/components/SafeHoldExitButton.tsx, src/components/NeonReadyActionButton.tsx"
SCR-06-30,PVP 대전 룸 & 매칭 (BattleRoomView),기획,재미도파민,대전 룸에서 상대방과의 상호작용이 정적인 텍스트 정보에 그쳐 대전 개시 전 신경전이나 감정 표현의 재미가 전무함.,모바일 햅틱 연동 '3D 애니메이티드 감정표현 이모티콘 휠(Taunt & Cheer)' 시스템 도입 및 대전 룸 입장 시 출력되는 '전용 룸 입장 이펙트/사운드 스킨' 커스텀 상점 연동.,"대전 개시 전 유저 간 인터랙션 빈도 4배 증가, 대기 지루함 해소 및 룸 입장 연출/이모티콘 커스텀 아이템 결제 전환율 7.8% 달성.",작업대기,"src/views/BattleRoomView.tsx, src/components/LiveHapticEmoteWheel.tsx, src/services/RoomCustomizationService.ts"
SCR-07-28,인게임 전투 화면 (Combat Canvas / BattleView),개발,성능,광역 궁극기 및 다중 데미지 플로팅 텍스트(30개 이상) 동시 발생 시 Canvas 2D 텍스트 래스터화 병목으로 80ms 이상 메인 스레드 잼 및 30fps 이하 프레임 드랍 발생.,"플로팅 데미지 텍스트를 WebGL SDF(Signed Distance Field) 비트맵 폰트 기반 인스턴스드 쿼드 파이프라인으로 전환하고, 카메라 셰이크를 버텍스 셰이더 오프셋으로 단일 패스 처리.","대규모 광역 데미지 폭발 시 60fps 완전 방어, 텍스트 렌더링 CPU 점유율 85% 절감(42ms -> 5ms) 및 배터리 소모 20% 감소.",작업대기,"src/views/BattleView.tsx, src/engine/SDFDamageFontRenderer.ts, src/engine/CombatCameraSystem.ts"
SCR-07-29,인게임 전투 화면 (Combat Canvas / BattleView),디자인,사용성,100dvh 세로 화면에서 전투 배속(1x/2x/3x) 및 오토 토글 버튼이 상단 우측에 28px로 작게 배치되어 한 손 엄지 조작이 매우 어렵고 터치 미스 빈번.,하단 Thumb Zone 좌측에 반원형 '원터치 배속/오토 플로팅 조그 다이얼(52px 햅틱 휠)' 구축 및 스와이프 제스처(위로 쓸어올리면 3x 즉시 전환) 연동.,"배속/오토 전환 조작 시간 70% 단축(2.8초 -> 0.8초), 모바일 한 손 조작 만족도 94점 달성 및 오터치 제로화.",작업대기,"src/views/BattleView.tsx, src/components/CombatControlJogDial.tsx, src/components/AutoBattleHapticToggle.tsx"
SCR-07-30,인게임 전투 화면 (Combat Canvas / BattleView),기획,재미도파민,치명타 및 약점 속성 타격 시 밋밋한 피격 피드백으로 타격감과 승부 도파민 자극 부족.,약점 속성 치명타 적중 시 0.05초 순간 암전 및 크러시 충격파(Screen Shatter) 연출과 3단 펄스 햅틱 진동을 트리거하는 '익스트림 크러시' 시스템 구축 및 깜짝 '돌발 크러시 미션' 연동.,"유저 타격감 및 전투 몰입도 도파민 50% 향상, 전투 완주율 35% 증가 및 돌발 미션 성공 연계 상품 결제 전환율 6.5% 달성.",작업대기,"src/views/BattleView.tsx, src/engine/ExtremeCrushEffectManager.ts, src/services/SurpriseCombatMissionService.ts"
SCR-08-28,전투 결과 & 보상 (BattleResultView),개발,성능,승리 시 별점(3-Star) 도장 및 레벨업 팡파르 파티클이 CSS/DOM 애니메이션으로 실행될 때 브라우저 리플로우 연속 발생으로 70ms 이상 프레임 드랍(40fps 급락) 발생.,"별점 도장 및 레벨업 팡파르 연출을 WebGL 단일 파티클 셰이더 및 requestAnimationFrame 델타 루프로 일원화하고, 텍스처 아틀라스를 GPU 메모리에 유지하여 리플로우 제로화.","승리 연출 전체 60fps 완전 고정(프레임 스터터링 0건), 결과 화면 GPU 렌더링 부하 60% 절감 및 모바일 배터리 효율 향상.",작업대기,"src/views/BattleResultView.tsx, src/engine/VictoryFanfareRenderer.ts, src/components/StarStampEffect.tsx"
SCR-08-29,전투 결과 & 보상 (BattleResultView),디자인,사용성,100dvh 세로 화면에서 반복 파밍 시 클리어 결과 화면마다 화면을 여러 번 터치해 연출을 넘겨야 해 스킵 편의성이 떨어지고 엄지 피로도 누적.,"제스처 인식 기반 '원터치 슈퍼 패스트 스킵(Super Fast Skip)' 모드 구현: 화면 어디든 더블 탭 시 모든 연출을 0.2초 만에 스킵하고 최종 정산으로 즉시 전환, 하단 Thumb Zone에 '자동 재도전 토글 스위치(48px)' 고정.","파밍 시 결과 확인 시간 80% 단축(4초 -> 0.8초), 반복 파밍 편의성 대폭 개선 및 엄지 터치 피로도 해소.",작업대기,"src/views/BattleResultView.tsx, src/components/SuperFastSkipHandler.tsx, src/components/AutoRepeatToggleSwitch.tsx"
SCR-08-30,전투 결과 & 보상 (BattleResultView),기획,과금전환,보스전 및 고난이도 스테이지 첫 클리어(First Clear) 시 보상이 일반 스테이지와 유사하게 표시되어 최초 격파의 감동이 희석되고 과금 연동 상품 부재.,"첫 클리어 시 전용 '히스토리컬 퍼스트 클리어' 명예 엠블럼 수여 및 명예의 전당 등록 연출 도입, 최초 클리어 즉시 60분간 구매 가능한 '퍼스트 블러드 정복 번들(3,300원, SSR 장비 선택권 포함)' 타임딜 연동.","보스전 클리어 도파민 및 성취감 극대화, 첫 클리어 시점 타임딜 결제 전환율 16.8% 달성 및 유저 잔존율 25% 상승.",작업대기,"src/views/BattleResultView.tsx, src/components/FirstClearHallOfFameModal.tsx, src/services/FirstClearSpecialOfferService.ts"
SCR-09-28,길드 & 레이드 (GuildRaidView),개발,성능,길드 연구소 버프 트리 렌더링 시 복잡한 SVG 계통도와 30개 이상 노드 연산으로 탭 전환 시 75ms 이상 TBT 및 프레임 드랍 발생.,"길드 버프 연구소 트리를 HTML5 Canvas 기반 2D 노드 가상화 렌더러로 전환하고, 길드원 리스트에 IntersectionObserver 기반 지연 마운팅(Lazy Mount) 파이프라인 구축.","탭 전환 레이턴시 70% 단축(110ms -> 32ms), 메인 스레드 블로킹 해소로 60fps 부드러운 전환 및 메모리 점유율 35% 절감.",작업대기,"src/views/GuildRaidView.tsx, src/components/GuildResearchTreeCanvas.tsx, src/components/GuildMemberListLazy.tsx"
SCR-09-29,길드 & 레이드 (GuildRaidView),디자인,사용성,"100dvh 세로 화면에서 일일 출석, 코인 기부, 무료 버프 활성화 버튼이 각 하위 메뉴에 분산되어 있어 매일 4회 이상 뎁스 이동 반복 발생.","길드 로비 하단 Thumb Zone에 '원터치 일일 길드 숙제 패스(Daily Guild All-in-One Dock, 54px)' 구축: 출석+기부+무료버프를 단 1회 탭으로 연속 처리하는 스마트 콤보 버튼 구현.","일일 길드 활동 조작 시간 75% 단축(15초 -> 3.8초), 메뉴 이동 뎁스 4회 -> 0회 단축 및 모바일 한 손 조작 만족도 95점 달성.",작업대기,"src/views/GuildRaidView.tsx, src/components/GuildDailyAllInOneDock.tsx, src/services/GuildDailyBatchActionService.ts"
SCR-09-30,길드 & 레이드 (GuildRaidView),기획,과금전환,길드 보스 토벌 및 주간 목표 달성 보상이 우편함으로 단순 지급되어 연대감 형성이 부족하고 단체 과금 촉진 장치 부재.,"주간 공헌도 달성 시 길드 로비에 '길드 대박 피냐타'가 생성되어 길드원들이 함께 터치해 다이아/소환권을 획득하는 세레머니 도입 및 길드 전원에게 보상을 선물하는 '길드 기프트 산타 패키지(4,400원)' 연동.","주간 길드원 동시 접속 세션 55% 증가, 피냐타 파티를 통한 공동체 도파민 극대화 및 길드 기프트 패키지 결제 전환율 10.4% 달성.",작업대기,"src/views/GuildRaidView.tsx, src/components/GuildPinataCeremonyModal.tsx, src/services/GuildGiftPackageService.ts"
SCR-10-28,퀘스트 & 패스 (QuestPassView),개발,성능,패스 50단계 보상 게이지 진행 바와 일일 퀘스트 완료 체크 시 개별 DOM 엘리먼트마다 인라인 CSS 트랜지션이 개별 트리거되어 연속 수령 시 60ms 이상 프레임 드랍(레이아웃 쓰래싱) 발생.,"보상 게이지 진행 애니메이션 및 파티클을 OffscreenCanvas 및 WebGL 단일 패스 셰이더로 파이프라인화하고, 퀘스트 상태 갱신을 requestAnimationFrame 배치 커밋으로 통합.","연속 보상 수령 및 패스 레벨업 시 60fps 완전 유지(프레임 드랍 제로), 메인 스레드 렌더링 시간 70% 단축(48ms -> 14ms) 및 발열 방지.",작업대기,"src/views/QuestPassView.tsx, src/engine/PassGaugeCanvasRenderer.ts, src/services/QuestBatchCommitService.ts"
SCR-10-29,퀘스트 & 패스 (QuestPassView),디자인,사용성,"100dvh 세로 화면에서 퀘스트 미션 수행을 위한 바로가기(Go To) 내비게이션이 부재하여, 유저가 수동으로 홈으로 나가 해당 메뉴를 찾아가야 하는 동선 단절 발생.",개별 퀘스트 카드 우측에 '1-Tap 딥링크 바로가기(44px 펄스 버튼)' 구축 및 퀘스트 완료 시 화면 전환 없이 보상을 즉시 인출하는 인라인 햅틱 체크 인터랙션 구현.,"퀘스트 목표 진입 소요 시간 65% 단축(8.5초 -> 3초), 모바일 100dvh 내비게이션 연속성 확보 및 일일 퀘스트 완수율 28% 상승.",작업대기,"src/views/QuestPassView.tsx, src/components/QuestDeepLinkButton.tsx, src/services/NavigationDeepLinkManager.ts"
SCR-10-30,퀘스트 & 패스 (QuestPassView),기획,과금전환,배틀패스 50레벨 만렙 달성 후 시즌 종료일까지 잉여 패스 EXP가 버려져 헤비 유저의 플레이 동기부여 급감 및 시즌 후반부 접속률 정체.,"50레벨 이후 누적 EXP로 무제한 개봉 가능한 '무한 시즌 럭키 상자(Infinity Pass Box)' 시스템 도입(SSR 조각, 소환권, 골드 무한 파밍) 및 무한 상자 보상 2배 '시즌 파이널 럭키 부스터(1,500원)' 연동.","시즌 후반부 만렙 유저 D7 리텐션 35% 향상, 시즌 말 플레이 세션 유지율 40% 증가 및 시즌 파이널 럭키 부스터 결제 전환율 9.2% 달성.",작업대기,"src/views/QuestPassView.tsx, src/components/InfinityPassBoxWidget.tsx, src/services/InfinityPassRewardService.ts"
SCR-11-28,소셜 & 랭킹 / 프로필 (SocialRankingView),개발,성능,친구 접속 상태 폴링 및 랭킹 갱신 시 전체 유저 아바타와 점수 DOM 트리가 전면 재렌더링되어 탭 전환 시 65ms 이상 레이아웃 시프트 및 프레임 드랍 발생.,WebSocket 바이너리 이벤트 버스 도입 및 변동된 프로필 노드만 정밀 치환하는 Fine-grained Signals 상태 구독 모델 적용으로 전체 컴포넌트 리렌더링 차단.,"친구 목록 갱신 시 메인 스레드 CPU 점유율 75% 절감(45ms -> 11ms), 불필요한 VDOM 리렌더링 제로화 및 60fps 부드러운 스크롤 유지.",작업대기,"src/views/SocialRankingView.tsx, src/services/SocialStatusSignalManager.ts, src/components/FriendStatusList.tsx"
SCR-11-29,소셜 & 랭킹 / 프로필 (SocialRankingView),디자인,사용성,"100dvh 세로 화면에서 탭 메뉴가 상단에 고정되어 한 손 엄지 조작이 어렵고, 친구 30명에게 우정 포인트를 보낼 때 개별 버튼을 30번 터치해야 해 조작 피로도 가중.",하단 Thumb Zone에 모바일 100dvh 최적화 '원터치 우정 포인트 일괄 선물/수령 플로팅 독(52px)' 배치 및 하단 스와이프 제스처 지원 스와이프블 탭 뷰(Swipeable Tab View) 구현.,"일일 우정 포인트 조작 터치 수 97% 감소(30회 -> 1회), 탭 탐색 시간 50% 단축 및 모바일 한 손 사용성 대폭 개선.",작업대기,"src/views/SocialRankingView.tsx, src/components/FriendshipPointBatchDock.tsx, src/components/SwipeableRankingTabs.tsx"
SCR-11-30,소셜 & 랭킹 / 프로필 (SocialRankingView),기획,재미도파민,내 프로필과 랭킹 페이지가 단순 숫자/텍스트 위주로 표시되어 자신의 성취를 뽐내거나 커스터마이징하는 재미가 부족하고 소셜 과금 모델 부재.,"프로필 3D 홀로그램 쇼케이스 도입(에이스 카드 3장 3D 진열, 전용 보이스/세레머니 모션 재생) 및 한정판 '네온 사인 프로필 명함 & 입장 팡파르 이펙트 스킨 번들(2,200원)' 연동.","프로필 방문 및 공유 횟수 3배 증가, 과시욕 자극을 통한 소셜 만족도 극대화 및 프로필 커스텀 스킨 결제 전환율 8.1% 달성.",작업대기,"src/views/SocialRankingView.tsx, src/components/ProfileHoloShowcase.tsx, src/services/ProfileCustomizationService.ts"
SCR-12-28,설정 & 리워드 센터 (SettingRewardCenterView),개발,성능,추가 보이스/고해상도 텍스처 팩 다운로드 및 압축 해제 시 메인 스레드 동기 저장으로 UI가 멈추고 80ms 이상 터치 지연 발생.,"리소스 팩 다운로드 및 압축 해제 작업을 Web Worker로 완전 격리하고, Streams API와 Origin Private File System(OPFS) 기반 제로카피 파일 스트리밍 파이프라인 구축.","대용량 추가 리소스 다운로드 중 60fps 부드러운 조작 완전 유지(프리징 제로), 다운로드/압축 해제 속도 40% 향상 및 메모리 스파이크 차단.",작업대기,"src/views/SettingRewardCenterView.tsx, src/workers/ResourceDownloadWorker.ts, src/services/OPFSStorageManager.ts"
SCR-12-29,설정 & 리워드 센터 (SettingRewardCenterView),디자인,사용성,100dvh 세로 화면에서 그래픽 옵션 변경 시 실제 게임 내 시각적 변화를 미리 볼 수 없어 매번 설정을 바꾸고 전투에 진입해야 하는 번거로움 발생.,설정 상단에 '인스턴트 그래픽 실시간 프리뷰 캔버스' 위젯 구축: 슬라이더 조작 즉시 3D 에이스 카드의 셰이더/파티클 퀄리티 및 실시간 FPS를 100dvh 내에서 즉각 확인 가능하도록 구현.,"기기 사양 맞춤 최적 옵션 세팅 소요 시간 70% 단축(3분 -> 45초), 시각적 피드백 직관성 및 모바일 설정 사용성 대폭 향상.",작업대기,"src/views/SettingRewardCenterView.tsx, src/components/GraphicsLivePreviewCanvas.tsx, src/services/DevicePerformanceBenchmark.ts"
SCR-12-30,설정 & 리워드 센터 (SettingRewardCenterView),기획,과금전환,리워드 센터 내 복귀 유저 혜택이 단순 출석 보상 팝업에 그쳐 최신 메타 적응을 돕지 못하고 재이탈율이 높으며 유료 패키지 연계 부재.,"14일 이상 미접속 복귀 유저 전용 '컴백 히어로: 7일간의 메타 적응 프로젝트' 탭 개설: 일일 메타 카드 무료 대여권 및 최신 메타 덱 즉시 완성 '웰컴 백 점핑 번들(5,500원 타임딜)' 조건부 할인 연동.","복귀 유저 D7 재잔존율 42% 상승(24% -> 66%), 컴백 유저 전용 점핑 번들 결제 전환율 18.5% 달성 및 게임 복귀 안착률 극대화.",작업대기,"src/views/SettingRewardCenterView.tsx, src/components/ComebackHeroMissionTab.tsx, src/services/ComebackJumpingBundleService.ts"
SCR-01-31,홈 화면 (HomeView),개발,성능,"백그라운드 전환 후 포그라운드 복귀 시 웹소켓 재연결 및 세션 토큰 재검증, Spine 애니메이션 복원 처리가 메인 스레드를 점유해 120ms 이상 인터랙션 블로킹과 일시적 블랙아웃 발생.","포그라운드 복귀 단계적 스케줄링(Staggered Wake-up): 1단계 로컬 캐시 기반 UI 즉시 복원(0ms), 2단계 WebSocket 세션 복구 백그라운드 Worker 재개, 3단계 Spine 텍스처 단계적 페이드인 재가동.","앱 복귀 시 UI 블로킹 제로화(120ms -> 0ms), 화면 깜빡임/블랙아웃 100% 제거 및 60fps 즉각 터치 반응성 보장.",작업대기,"src/views/HomeView.tsx, src/services/VisibilityResumeManager.ts, src/engine/SpineWakeUpService.ts"
SCR-01-32,홈 화면 (HomeView),디자인,사용성,"100dvh 세로 화면에서 이벤트 배너 캐러셀이 화면 중앙을 가로질러 대표 카드 비주얼을 침범하고, 배너 자동 롤링 시 터치 제스처 충돌(스와이프 오작동) 발생.","에이스 카드 전신 일러스트를 풀스크린 100dvh 비주얼로 전면 부각시키고, 이벤트 배너는 화면 우측 상단 미니멀 '스마트 슬라이딩 티커(32px)'로 통합 재설계 및 탭 시 바텀시트 허브 전개.","홈 화면 시각적 개방감 60% 향상, 캐릭터 비주얼 몰입도 극대화 및 배너-홈 제스처 충돌 오작동률 0% 달성.",작업대기,"src/views/HomeView.tsx, src/components/MiniEventTicker.tsx, src/components/FullScreenHeroShowcase.tsx"
SCR-01-33,홈 화면 (HomeView),기획,과금전환,홈 화면 대표 캐릭터와의 인터랙션 및 감성적 연결고리가 부족하여 라이브 서비스의 생동감이 떨어지고 소과금 유도 장치 부재.,"대표 캐릭터 터치 시 호감도 보이스 반응 및 매일 1회 서프라이즈 선물을 전달하는 '히어로의 시크릿 선물' 시스템 구축 및 호감도 달성 연동 '히어로 인연 각성 패키지(1,100원 타임딜)' 연동.","홈 화면 일일 체류 시간 30% 증가, 캐릭터 애착 형성 및 호감도 달성 연계 소액 패키지 첫 결제 전환율 14.8% 달성.",작업대기,"src/views/HomeView.tsx, src/components/HeroAffectionTouchWidget.tsx, src/services/HeroSecretGiftService.ts"
SCR-02-31,스토리/스테이지 맵 (StoryMapView),개발,성능,챕터 간 월드맵 전환 시 이전 챕터의 고해상도 배경/노드 텍스처 메모리 잔류로 280MB 이상 누적 및 챕터 진입 트랜지션 시 80ms 이상 프레임 드랍 발생.,"이전 챕터 비트맵 텍스처를 비동기 명시적 디스포즈(ImageBitmap.close)하고, 차기 챕터 에셋만 createImageBitmap 백그라운드 디코딩으로 사전 프리페치하는 LRU 기반 텍스처 캐시 관리자 구축.","챕터 전환 시 GPU 메모리 누수 100% 방지(메모리 점유율 60% 절감), 챕터 이동 애니메이션 60fps 완전 유지 및 저사양 모바일 기기 크래시 방지.",작업대기,"src/views/StoryMapView.tsx, src/engine/ChapterTextureLRUCache.ts, src/services/MapAssetPreloadManager.ts"
SCR-02-32,스토리/스테이지 맵 (StoryMapView),디자인,사용성,100dvh 세로 화면에서 스테이지 노드 터치 시 나타나는 브리핑 카드가 화면 절반을 가려 주변 노드 동선 확인이 어렵고 닫기 버튼 조작이 불편함.,"100dvh 최적화 하단 인터랙티브 플로팅 브리핑 시트(Floating Briefing Sheet, 스와이프 다운 닫기)로 재설계 및 하단 Thumb Zone에 '원터치 덱 자동 세팅 & 즉시 출격 듀얼 버튼(52px)' 구축.","스테이지 브리핑 확인 및 출격 소요 시간 55% 단축(6.2초 -> 2.8초), 닫기 오작동률 0% 달성 및 모바일 한 손 조작 만족도 96점 달성.",작업대기,"src/views/StoryMapView.tsx, src/components/InteractiveBriefingSheet.tsx, src/components/StageAutoDeployButton.tsx"
SCR-02-33,스토리/스테이지 맵 (StoryMapView),기획,과금전환,챕터 보스 난이도 급상승 구간에서 클리어 실패 시 유저 좌절로 인한 이탈률이 높고 스토리 완주 지원 유료 상품 부재.,"챕터 보스 2회 연속 패배 시 발동하는 '용병 소환(Mercenary Assist)' 시스템 도입(상위 랭커 카드 1회 무료 대여) 및 클리어 성공 시 '보스 특효 속성 룬 패키지(2,200원 타임딜)' 스마트 연동.","난관 보스 스테이지 중도 포기율 45% 감소, 스토리 모드 완주율 30% 향상 및 보스 특효 룬 패키지 결제 전환율 10.8% 달성.",작업대기,"src/views/StoryMapView.tsx, src/components/MercenaryAssistModal.tsx, src/services/BossStageEmergencySupportService.ts"
SCR-03-31,마이덱 & 카드 관리 (MyDeckView),개발,성능,룬 일괄 장착/해제 및 다중 카드 필터링 시 300장 이상 카드 배열 다중 정렬 연산이 메인 스레드를 동기 점유해 70ms 이상 UI 프리징 및 프레임 드랍 발생.,"인벤토리 필터링/정렬을 Web Worker 백그라운드 스레드로 격리하고, 룬 세트 시너지를 정수 비트마스크(Bitmask) 매트릭스로 변환하여 O(1) 초고속 시너지 연산 캐시 파이프라인 구축.","복합 필터 변경 및 룬 장착 시 메인 스레드 연산 시간 85% 단축(65ms -> 8ms), 60fps 무감속 리스트 갱신 및 메모리 스파이크 차단.",작업대기,"src/views/MyDeckView.tsx, src/workers/CardFilterSortWorker.ts, src/engine/RuneBitmaskMatrix.ts"
SCR-03-32,마이덱 & 카드 관리 (MyDeckView),디자인,사용성,100dvh 세로 화면에서 복수 덱 슬롯(PVE/PVP/레이드 등) 간 카드 복사나 맞교환 시 상단 탭을 번갈아 터치해야 해 조작 동선이 과도하게 번거로움.,모바일 100dvh 최적화 '듀얼 덱 스플릿 드래그(Dual Deck Split Drag) 모드' 구현: 2개 덱 슬롯을 상/하 분할 뷰로 띄우고 카드를 한 손 제스처로 즉시 맞교환/복사하는 Thumb Zone 인터랙션 도입.,"덱 간 카드 교체 및 복사 소요 시간 60% 단축(9초 -> 3.6초), 덱 관리 탭 이동 터치 수 70% 감소 및 직관적 덱 편집 편의성 극대화.",작업대기,"src/views/MyDeckView.tsx, src/components/DualDeckSplitEditor.tsx, src/components/DeckSlotCopyActionDock.tsx"
SCR-03-33,마이덱 & 카드 관리 (MyDeckView),기획,과금전환,"덱 내 카드 간 숨겨진 스토리 인연(Bond) 효과를 직관적으로 알기 어렵고, 인연 완성 직전 미보유 카드를 획득하려는 동기부여가 약함.","덱 편성 시 인연 카드 인접 배치 시 전용 라이브 컷인 대사가 출력되는 '인연 공명(Bond Resonance)' 시각화 시스템 도입 및 인연 덱 완성 1장 전 유저 전용 '인연 완성 다이렉트 영입 번들(2,200원 타임딜)' 스마트 연동.","덱 편성 시 시너지 조합 도파민 45% 향상, 인연 덱 완성 연계 영입 패키지 결제 전환율 11.5% 달성 및 카드 수집욕 극대화.",작업대기,"src/views/MyDeckView.tsx, src/components/BondResonanceCutInOverlay.tsx, src/services/BondDirectRecruitOfferService.ts"
SCR-04-31,상점 & 가챠 (ShopView),개발,성능,10연차 소환 시 10장의 3D 플립 모션과 SSR 특수 이펙트가 동시 재생될 때 셰이더 컴파일 지연 및 텍스처 업로드 잼으로 85ms 이상 프레임 드랍(35fps 급락)과 오디오 싱크 밀림 발생.,소환 버튼 탭 즉시 카드 3D 플립 셰이더를 사전 웜업(Shader Pre-warming)하고 앞뒷면 텍스처를 밉맵 압축 비트맵으로 사전 바인딩하는 단일 패스 WebGL 파이프라인 구축.,"10연차 개봉 연출 60fps 완전 방어(프레임 드랍 0건), 오디오-비주얼 싱크 100% 일치 및 텍스처 업로드 지연 80% 단축(75ms -> 12ms).",작업대기,"src/views/ShopView.tsx, src/engine/GachaFlipShaderWarmup.ts, src/engine/GachaAudioSyncManager.ts"
SCR-04-32,상점 & 가챠 (ShopView),디자인,사용성,"100dvh 세로 화면에서 스킵 버튼이 상단 모서리에 작게 위치해 한 손 조작이 어렵고, 전체 스킵 시 고등급 획득 여부를 순간 놓치기 쉬움.",하단 Thumb Zone에 '원터치 스마트 스킵 독(50px)' 구축: 일반 카드는 3배속 쾌속 패스하고 SSR 등장 시 자동으로 슬로우 모션 전환되며 햅틱 진동을 주는 '스마트 오토 브레이크 스킵' 구현.,"가챠 연출 스킵 조작 접근성 100% 개선(한 손 조작 완료), 소환 소요 시간 60% 단축 및 SSR 획득 순간의 도파민 시각적 캐치 극대화.",작업대기,"src/views/ShopView.tsx, src/components/SmartGachaSkipDock.tsx, src/components/SSRSlowMotionDetector.tsx"
SCR-04-33,상점 & 가챠 (ShopView),기획,과금전환,상점 내 유료 다이아 결제 상품이 단순 고정 충전소 형태로만 구성되어 충전 욕구 자극이 평이하고 무과금 유저의 첫 결제 장벽 높음.,"매일 1회 무료 갱신되는 '블랙마켓 시크릿 딜' 도입(보유 덱 속성 맞춤형 최대 70% 랜덤 할인) 및 월간 구독형 '매일 다이아 패스(3,900원, 일일 100다이아+가챠 1회권)' 연동.","상점 일일 순방문자(DAU) 35% 증가, 무과금 유저의 첫 결제 전환율 15.6% 달성 및 월간 정기 구독 매출 40% 증대.",작업대기,"src/views/ShopView.tsx, src/components/BlackMarketSecretDealWidget.tsx, src/services/DailyDiamondPassService.ts"
SCR-05-31,카드 마켓플레이스 (CardMarketplaceView),개발,성능,마켓 상세 시세 캔들스틱 차트 및 체결 히스토리 열람 시 시계열 데이터 파싱과 SVG/Canvas 라인 계산이 메인 스레드에서 직접 수행되어 차트 팝업 시 75ms 이상 UI 프리징 및 30fps 프레임 드랍 발생.,"시세 캔들스틱 및 이동평균선(MA) 계산을 Web Worker로 오프로딩하고, 차트 렌더링을 WebGL 단일 패스 인스턴스드 라인/쿼드 렌더러로 전환하여 메인 스레드 부하 제로화.","시세 차트 모달 오픈 지연 시간 80% 단축(120ms -> 24ms), 60fps 부드러운 차트 줌/팬 인터랙션 유지 및 CPU 점유율 65% 절감.",작업대기,"src/views/CardMarketplaceView.tsx, src/workers/MarketChartComputeWorker.ts, src/engine/MarketCandleGLRenderer.ts"
SCR-05-32,카드 마켓플레이스 (CardMarketplaceView),디자인,사용성,100dvh 세로 화면에서 보유 카드 판매 등록 시 별도 페이지 전환 방식으로 진행되어 단계별 이탈률이 높고 한 손 조작이 극히 불편함.,"모바일 100dvh 최적화 '원터치 퀵 리스팅 바텀시트(54px)' 구축: 최근 실거래가 기반 '추천 적정 판매가 원탭 버튼(-5%, 시세가, +5%)' 제공 및 하단 Thumb Zone 슬라이드 등록 제스처 도입.","카드 판매 등록 소요 시간 65% 단축(16초 -> 5.5초), 판매 등록 단계 이탈율 50% 감소 및 모바일 매물 출품 편의성 극대화.",작업대기,"src/views/CardMarketplaceView.tsx, src/components/QuickListingBottomSheet.tsx, src/components/SmartPriceSuggestionButtons.tsx"
SCR-05-33,카드 마켓플레이스 (CardMarketplaceView),기획,과금전환,"마켓 거래 시 발생하는 거래 수수료(5%)가 단순 소멸되어 유저에게 손실감만 제공하고, 대량 매매 활성화를 위한 거래 인센티브 및 재화 재순환 장치 결여.","거래 수수료의 30%를 페이백 마일리지로 환급하는 '마켓 캐시백 리워드 풀' 시스템 도입 및 월간 거래량 달성 시 마켓 수수료 50% 감면 혜택을 주는 '상인 길드 프리미엄 패스(4,900원 월간권)' 연동.","마켓 일일 총 거래 대금 45% 증가, 수수료 거부감 완화를 통한 고가 카드 거래 활성화 및 상인 길드 패스 결제 전환율 9.6% 달성.",작업대기,"src/views/CardMarketplaceView.tsx, src/components/MarketCashbackPoolWidget.tsx, src/services/MerchantGuildPassService.ts"
SCR-06-31,PVP 대전 룸 & 매칭 (BattleRoomView),개발,성능,모바일 무선망 전환 시 WebSocket 일시 끊김 발생 시 전체 매칭 룸 컴포넌트가 언마운트/리마운트되어 150ms 이상 깜빡임과 매칭 큐 세션 유실 오류 발생.,WebRTC/이중 WebSocket 백업 터널링 기반 무중단 세션 복구(Seamless Session Resumption) 아키텍처 및 룸 로컬 미러 상태 캐시를 적용해 UI 리마운트 없는 0ms 인라인 재동기화 구현.,"네트워크 불안정 시 매칭 큐 이탈률 95% 감소, 재연결 화면 깜빡임 100% 제거 및 대전 룸 60fps 무감속 세션 유지.",작업대기,"src/views/BattleRoomView.tsx, src/services/ResilientSocketTunnel.ts, src/services/MatchmakingSessionResumer.ts"
SCR-06-32,PVP 대전 룸 & 매칭 (BattleRoomView),디자인,사용성,100dvh 세로 화면에서 밴픽 진행 시 선택 팝업이 화면 70% 이상을 덮어 상대방 밴픽 상황과 타이머를 동시에 확인하기 어려움.,"모바일 100dvh 스플릿 HUD 레이아웃 재설계: 상단 30% 영역에 '실시간 대전 현황 & 타이머 바(40px)' 고정, 하단 70% Thumb Zone에 슬라이드형 '원터치 밴픽 카드 휠' 배치.","밴픽 조작 시간 50% 단축(6초 -> 3초), 밴픽 중 제한시간 초과 실수 90% 감소 및 모바일 직관적 시인성 대폭 개선.",작업대기,"src/views/BattleRoomView.tsx, src/components/BanPickSplitHUD.tsx, src/components/ThumbWheelCardPicker.tsx"
SCR-06-33,PVP 대전 룸 & 매칭 (BattleRoomView),기획,재미도파민,매칭 성사 후 대전 직전 10초 대기 시간 동안 정적 카운트다운만 진행되어 긴장감이 지루함으로 변하고 승리 보상 증폭 유료 연동 부재.,카운트다운 중 상대와 실시간 심리전을 펼치는 '에이스 카드 파워 쇼다운(대표 스탯 배틀 예측)' 미니 배팅 도입 및 승리 시 보상 2배 '승리 골든 부스터(770원 티켓)' 원클릭 장착 연동.,"대전 진입 전 긴장감 및 도파민 극대화, 승리 골든 부스터 티켓 일일 소진율 38% 증가 및 결제 전환율 8.9% 달성.",작업대기,"src/views/BattleRoomView.tsx, src/components/PowerShowdownWidget.tsx, src/services/GoldenBoosterService.ts"